{"dict":{"doc_cursors":{"01fnr125pwnb7fw7g7s4pf3hg8":{"line":8,"ch":0},"01fnr125pwv5ed3rh1qf3rbkwk":{"line":33,"ch":0},"01fqdzh4a5jvdxxvf26bb532rr":{"line":5,"ch":0},"01g6x1f3t63m0y05wzves57yvw":{"line":8,"ch":9},"01fnr125pvt1emvq4q03paxxzx":{"line":0,"ch":0},"01g80vhxmmhr677fe3std67h8f":{"line":2,"ch":81},"01g8677k1yk5p7d4703j2sbwxf":{"line":44,"ch":47},"01g80vgqr06xhbjwcwbadh2a7k":{"line":0,"ch":0},"01g8dsj60acxpcr89qz2qccb3e":{"line":130,"ch":27},"01g8dxtt5xjcmnbw9k0gqkgbj9":{"line":0,"ch":52},"01g8dzbbfwvaf2p5zwzhc6m6cy":{"line":6,"ch":42},"01g8dzr6tkss702yq6vn1wjc3m":{"line":25,"ch":0},"01g8fekpg5wbcbrwdfkjq8n6dm":{"line":2,"ch":0},"01g8femrav6yns3285tgwma7wf":{"line":32,"ch":0},"01g8ff8cv0qx75gyt2b54q1r5g":{"line":169,"ch":2}},"doc_scrolls":{"01fnr125pwnb7fw7g7s4pf3hg8":{"top":0,"left":0},"01fnr125pwv5ed3rh1qf3rbkwk":{"top":700,"left":0},"01fnr125pvt1emvq4q03paxxzx":{"top":0,"left":0},"01fqdzh4a5jvdxxvf26bb532rr":{"top":0,"left":0},"01g6x1f3t63m0y05wzves57yvw":{"top":116,"left":0},"01g80vhxmmhr677fe3std67h8f":{"top":100,"left":0},"01g8677k1yk5p7d4703j2sbwxf":{"top":1396,"left":0},"01g80vgqr06xhbjwcwbadh2a7k":{"top":0,"left":0},"01g8dsj60acxpcr89qz2qccb3e":{"top":0,"left":0},"01g8dxtt5xjcmnbw9k0gqkgbj9":{"top":0,"left":0},"01g8dzbbfwvaf2p5zwzhc6m6cy":{"top":0,"left":0},"01g8dzr6tkss702yq6vn1wjc3m":{"top":538.6666870117188,"left":0},"01g8fekpg5wbcbrwdfkjq8n6dm":{"top":0,"left":0},"01g8femrav6yns3285tgwma7wf":{"top":1024.6666259765625,"left":0},"01g8ff8cv0qx75gyt2b54q1r5g":{"top":3562.666748046875,"left":0}},"snapshot_changelogs":{},"stat_daily":{"2022-07-01":{"input":1741,"remove":1088},"2022-07-15":{"input":512,"remove":339},"2022-07-17":{"input":4715,"remove":3005},"2022-07-19":{"input":376,"remove":198},"2022-07-20":{"input":6346,"remove":2707},"2022-07-21":{"input":6287,"remove":427}},"stat_date_hourly":{"2022-07-01_22":{"input":1741,"remove":1088},"2022-07-15_19":{"input":357,"remove":275},"2022-07-15_20":{"input":155,"remove":64},"2022-07-17_21":{"input":1047,"remove":439},"2022-07-17_22":{"input":3668,"remove":2565},"2022-07-17_23":{"input":0,"remove":1},"2022-07-19_11":{"input":376,"remove":198},"2022-07-20_20":{"input":4987,"remove":2440},"2022-07-20_21":{"input":53,"remove":1},"2022-07-20_22":{"input":777,"remove":211},"2022-07-20_23":{"input":529,"remove":55},"2022-07-21_11":{"input":99,"remove":0},"2022-07-21_12":{"input":6188,"remove":427}}},"list":{"doc_tree":[{"id":"01fnr125pvt1emvq4q03paxxzx","title":"skynet入门教程","icon":"book","rem":"","is_collapsed":true,"rendered_title":"skynet入门教程","level":0,"has_children":true,"children":[{"id":"01fqdzh4a5jvdxxvf26bb532rr","title":"常见编译错误和解决办法","rendered_title":"常见编译错误和解决办法","level":1,"is_collapsed":true,"has_children":false,"children":[]},{"id":"01fnr125pwv5ed3rh1qf3rbkwk","title":"配置config文件","icon":"doc","rem":"","is_collapsed":true,"rendered_title":"配置config文件","level":1,"has_children":false,"children":[]},{"id":"01fnr125pwnb7fw7g7s4pf3hg8","title":"使用MySQL数据库","icon":"doc","rem":"","is_collapsed":true,"rendered_title":"使用MySQL数据库","level":1,"has_children":false,"children":[]},{"id":"01g6x1f3t63m0y05wzves57yvw","title":"使用lua-protobuf","add_time_ms":1656684515143,"rendered_title":"使用lua-protobuf","level":1,"is_collapsed":true,"has_children":false,"children":[]}]},{"id":"01g80vgqr06xhbjwcwbadh2a7k","title":"wxWidget入门教程","add_time_ms":1657886236416,"rendered_title":"wxWidget入门教程","level":0,"icon":"book","has_children":true,"is_collapsed":false,"children":[{"id":"01g80vhxmmhr677fe3std67h8f","icon":"book","add_time_ms":1657886275221,"title":"Windows环境下安装wxWidgets","rendered_title":"Windows环境下安装wxWidgets","level":1,"has_children":false,"is_collapsed":true,"children":[]},{"id":"01g8dzbbfwvaf2p5zwzhc6m6cy","title":"Linux环境下安装wxWidgets","icon":"book","add_time_ms":1658326461948,"rendered_title":"Linux环境下安装wxWidgets","level":1,"has_children":false,"is_collapsed":true,"children":[]},{"id":"01g8dzr6tkss702yq6vn1wjc3m","title":"wxWidgets帮助类","icon":"book","add_time_ms":1658326883155,"rendered_title":"wxWidgets帮助类","level":1,"has_children":false,"is_collapsed":true,"children":[]},{"id":"01g8677k1yk5p7d4703j2sbwxf","title":"使用vs和clion创建和编译程序","icon":"book","add_time_ms":1658066291775,"rendered_title":"使用vs和clion创建和编译程序","level":1,"has_children":false,"is_collapsed":true,"children":[]},{"id":"01g8dsj60acxpcr89qz2qccb3e","title":"简单的主窗口程序","icon":"book","add_time_ms":1658320394250,"rendered_title":"简单的主窗口程序","level":1,"has_children":false,"is_collapsed":true,"children":[]},{"id":"01g8dxtt5xjcmnbw9k0gqkgbj9","title":"事件","icon":"book","add_time_ms":1658324871357,"rendered_title":"事件","level":1,"is_collapsed":true,"children":[]}]},{"id":"01g8fekpg5wbcbrwdfkjq8n6dm","title":"wxWidgets tutorial","icon":"book","add_time_ms":1658376018437,"children":[{"id":"01g8femrav6yns3285tgwma7wf","icon":"book","add_time_ms":1658376053083,"children":[],"title":"Introduction to wxWidgets","rendered_title":"Introduction to wxWidgets"},{"id":"01g8ff8cv0qx75gyt2b54q1r5g","title":"wxWidgets helper classes","icon":"book","add_time_ms":1658376696672,"children":[],"rendered_title":"wxWidgets helper classes"}],"rendered_title":"wxWidgets tutorial"}],"recent_visit":["01g8677k1yk5p7d4703j2sbwxf","01g8dzbbfwvaf2p5zwzhc6m6cy","01g8ff8cv0qx75gyt2b54q1r5g","01g8femrav6yns3285tgwma7wf","01g8fekpg5wbcbrwdfkjq8n6dm","01g8dxtt5xjcmnbw9k0gqkgbj9","01g80vgqr06xhbjwcwbadh2a7k","01g8dzr6tkss702yq6vn1wjc3m","01g80vhxmmhr677fe3std67h8f","01g8dsj60acxpcr89qz2qccb3e","01fnr125pvt1emvq4q03paxxzx","01g6x1f3t63m0y05wzves57yvw","01fnr125pwnb7fw7g7s4pf3hg8","01fnr125pwv5ed3rh1qf3rbkwk","01fqdzh4a5jvdxxvf26bb532rr"],"stat_log_input":[]},"set":{},"collection":{"items":{"meta":{"index":15},"data":[{"id":"01fnr125pvt1emvq4q03paxxzx","type":"doc","content":"","memo":"","add_time_ms":1637199175000,"_id":"1","edit_time_ms":1638347206016,"title":"skynet入门教程"},{"id":"01fnr125pwv5ed3rh1qf3rbkwk","type":"doc","content":"配置Config文件\n\nhttps://github.com/cloudwu/skynet.wiki.git\n启动 skynet 服务器需要提供一个配置文件，配置文件的编写可以参考 examples/config ，下面是一个简单的配置文件范例：\n\n    root = \"./\"\n    address = \"127.0.0.1:2526\"\n    master = \"127.0.0.1:2013\"\n    standalone = \"0.0.0.0:2013\"\n    logger = nil\n    snax = root..\"examples/?.lua;\"..root..\"test/?.lua\"                                                                                                        \n\n    -- 以下是必须的配置\n    thread = 8\n    cpath = root..\"cservice/?.so\"\n    harbor = 1\n\n    -- bootstrap配置项\n    start = \"main\"\t-- main script\n    bootstrap = \"snlua bootstrap\"\t\n\n    -- lua配置项\n    luaservice = root..\"service/?.lua;\"..root..\"test/?.lua;\"..root..\"examples/?.lua\"\n    lualoader = \"lualib/loader.lua\"\n    lua_path = \"./lualib/?.lua;./lualib/?/init.lua\" \n    lua_cpath = \"./luaclib/?.so\"\n\n这个配置文件实际上就是一段 lua 代码，通常，我们以 key = value 的形式对配置项赋值。\nskynet 在启动时，会读取里面必要的配置项，并将暂时用不到的配置项以字符串形式保存在 skynet 内部的 env 表中。\n这些配置项可以通过skynet.getenv函数获取。\n\n\n必要的配置项有：\n\n    thread -> 启动多少个工作线程。通常不要将它配置超过你实际拥有的 CPU 核心数。\n    bootstrap ->  skynet启动的第一个引导服务以及其启动参数。默认配置为 snlua bootstrap ，即启动一个名为 bootstrap 的 lua 服务。通常指的是 service/bootstrap.lua 这段代码。\n    cpath -> 用C编写的服务模块的位置，通常指 cservice 下那些 .so 文件。如果你的系统的动态库不是以 .so 为后缀，需要做相应的修改。这个路径可以配置多项，以 ; 分割。\n\n\n在默认的 bootstrap 代码中还会进一步用到一些配置项：\n\nlogger -> 它决定了 skynet 内建的 这个 C API 将信息输出到什么文件中。如果 logger 配置为 nil ，将输出到标准输出。你可以配置一个文件名来将信息记录在特定文件中。\nlogservice ->  默认为 \"logger\" ，你可以配置为你定制的 log 服务（比如加上时间戳等更多信息）。可以参考 来实现它。注：如果你希望用 lua 来编写这个服务，可以在这里填写 snlua ，然后在 logger 配置具体的 lua 服务的名字。在 examples 目录下，有 config.userlog 这个范例可供参考。\nlogpath ->  配置一个路径，当你运行时为一个服务打开 log 时，这个服务所有的输入消息都会被记录在这个目录下，文件名为服务地址。\nstandalone ->  如果把这个 skynet 进程作为主进程启动（skynet 可以由分布在多台机器上的多个进程构成网络），那么需要配置standalone 这一项，表示这个进程是主节点，它需要开启一个控制中心，监听一个端口，让其它节点接入。\nmaster  -> 指定 skynet 控制中心的地址和端口，如果你配置了 standalone 项，那么这一项通常和 standalone 相同。\naddress ->  当前 skynet 节点的地址和端口，方便其它节点和它组网。注：即使你只使用一个节点，也需要开启控制中心，并额外配置这个节点的地址和端口。\nharbor -> 可以是 1-255 间的任意整数。一个 skynet 网络最多支持 255 个节点。每个节点有必须有一个唯一的编号。\n如果 harbor 为 0 ，skynet 工作在单节点模式下。此时 master 和 address 以及 standalone 都不必设置。\nstart ->  这是 bootstrap 最后一个环节将启动的 lua 服务，也就是你定制的 skynet 节点的主程序。默认为 main ，即启动 main.lua 这个脚本。这个 lua 服务的路径由下面的 luaservice 指定。\nenablessl ->  默认为空。如果需要通过 ltls 模块支持 https ，那么需要设置为 true 。\n\n\n集群服务用到的配置项：\n\ncluster ->  它决定了集群配置文件的路径。\n\n\nlua服务由 snlua 提供，它会查找一些配置项以加载 lua 代码： \n\nlualoader ->  用哪一段 lua 代码加载 lua 服务。通常配置为 lualib/loader.lua ，再由这段代码解析服务名称，进一步加载 lua 代码。snlua 会将下面几个配置项取出，放在初始化好的 lua 虚拟机的全局变量中。具体可参考实现。\n\nSERVICE_NAME 第一个参数，通常是服务名。\nLUA_PATH config 文件中配置的 lua_path 。\nLUA_CPATH config 文件中配置的 lua_cpath 。\nLUA_PRELOAD config 文件中配置的 preload 。\nLUA_SERVICE config 文件中配置的 luaservice 。\nluaservice lua 服务代码所在的位置。可以配置多项，以 ; 分割。\n如果在创建 lua 服务时，以一个目录而不是单个文件提供，最终找到的路径还会被添加到 package.path 中。比如，在编写 lua 服务时，有时候会希望把该服务用到的库也放到同一个目录下。\nlua_path -> 将添加到 package.path 中的路径，供 require 调用。\nlua_cpath ->  将添加到 package.cpath 中的路径，供 require 调用。\npreload 在设置完 package 中的路径后，加载 lua 服务代码前，loader 会尝试先运行一个 preload 制定的脚本，默认为空。\nsnax ->  用 snax 框架编写的服务的查找路径。\nprofile ->  默认为 true, 可以用来统计每个服务使用了多少 cpu 时间。在 DebugConsole 中可以查看。会对性能造成微弱的影响，设置为 false 可以关闭这个统计。\n另外，你也可以把一些配置选项配置在环境变量中。比如，你可以把 thread 配置在 这个环境变量里。你可以在 config 文件中写：\nthread=$SKYNET_THREAD\n这样，在 skynet 启动时，就会用 这个环境变量的值替换掉 config 中的 了。\n\n\n后台模式 Daemon Mode\n\ndaemon 配置 daemon = \"./skynet.pid\" 可以以后台模式启动 skynet 。注意，同时请配置 logger 项输出 log 。","memo":"","add_time_ms":1637202706000,"_id":"2","title":"配置config文件","edit_time_ms":1638269008545},{"id":"01fnr125pwnb7fw7g7s4pf3hg8","type":"doc","content":"Win11子系统 Ubuntu 安装 mysql\n\n1.删掉之前安装的mysql, 没有安装过可以忽略.\n    sudo apt remove --purge *mysql*\n    sudo rm -rf /etc/mysql /var /lib/mysql\n    sudo apt remove --purge *mariadb*\n2.更新软件列表和软件\n    sudo apt update\t\t#更新软件列表\n    sudo apt upgrade\t#更新软件\t\n3.安装mysql-server\n    sudo apt install mysql-server\n    安装完后默认开启mysql服务,如果没有开启,可以在终端输入下面的命令开启.\n    sudo service mysql start.\n    开启服务可能会报错:\n    *starting MySQL database server mysqld:No directory, logging in with HOME=/\n    这是mysql日志输出目录没有权限导致的,解决方法是:\n    sudo service mysql stop #停止mysql服务\n    sudo usermod -d /var/lib/mysql/ mysql #启用日志输出目录权限,注意最后一个mysql前有一个空格\n    sudo service mysql start #重启mysql服务\n4.登录mysql数据库\n    mysql -u root -p\t#登录mysql命令\n    Enter password: \t#单击回车键\n    ERROR 1698(28000): Access denied for user 'root'@'localhost'\n    表示mysql禁止用户'root'@'localhost'登入。解决办法是:\n    1.编辑mysql配置文件: sudo vim /etc/mysql/mysql.conf.d/mysqld.cnf\n    在配置文件[mysqld]字段最后加入: skip-grant-tables #不使用密码登录mysql\n    再重新启动mysql: sudo service mysql restart\n    然后再使用命令: mysqladmin -u root password [新的密码]\n    给root用户直接启用新的密码.\n    最后登录:mysql -u root -p\n5.切换数据库\n    use [数据库名];\n    例:use mysql;\n    修改user表属性: update user set plugin='mysql_native_password' where user='root';\n6.查询表\n    字段查询: \tselect [字段1名], [字段2名], [字段3名], ... from [表名];\n    全表查询: \tselect * from [表名];   \n7.退出mysql数据库\n    使用quit命令或者按ctrl+z组合键退出.\n8.使用windows数据库软件连接mysql\n    1.首先需要改变MySQL的配置,执行sudo vim /etc/mysql/mysql.conf.d/mysqld.cnf.\n    2.将找到 bind-address = 127.0.0.1 并注释掉 → # bind-address = 127.0.0.1.\n    3.执行service mysql restart重启 MySQL 服务.\n    4.开启 MySQL 远程访问\n        1.首先登录MySQL.\n        2.执行：GRANT ALL PRIVILEGES ON *.* TO '用户名'@'%'IDENTIFIED BY '密码' WITH GRANT OPTION;新增远程访问用户和用户密码.\n        3.执行 flush privileges;刷新\n    5.打开windows上数据库软件的远程访问MySQL的 终端/客户端.","memo":"","add_time_ms":1637410097000,"_id":"3","title":"使用MySQL数据库","edit_time_ms":1657886022635,"snapshots":[{"id":"01g87vm2nfjrsvxm8rapef8v6k","item_id":"01fnr125pwnb7fw7g7s4pf3hg8","add_time_ms":1658121226927,"hash":"d7be03af20391a09cf5cbf0524b36d1f","length":1763,"char_count_char_with_spaces":1763,"char_count_char_without_spaces":1414,"char_count_word":579}]},{"id":"01fqdzh4a5jvdxxvf26bb532rr","add_time_ms":1640073040198,"type":"doc","_id":"4","title":"常见编译错误和解决办法","content":" skynet 源码下载地址：https://github.com/cloudwu/skynet\n\nskynet 编译:\n\t1.切换到 skynet 目录\n\t2.执行命令：make linux\n\n常见问题:\n\t1.git 命令不存在\n\t解决方法：下载git插件并安装\n\n\t2.fatal: Not a git repository (or any of the parent directories): .git\n\t解决方法：在命令行直接执行命令：git init\n\n\t3./bin/sh: 1: ./autogen.sh: not found\n\t解决方法：安装 autoconf 和 readline-devel \n\n\t4.awk: /lib/i386-linux-gnu/libtinfo.so.5: no version information available (required by /lib/i386-linux-gnu/libreadline.so.7)\n\t解决方法：执行命令：ldd awk，查看 awk 的动态链接库，可以看到有错误信息, 安装对应版本的 libtinfo包.\n\n\t5.warning: File ‘Makefile.in’ has modification time 2380 s in the future\n\t原因: 宿主机与虚拟机的系统时间不同步.\n\t解决方法：解决方法：删除skynet 源文件，重新clone源码文件并编译。\n","edit_time_ms":1640073768084},{"id":"01g6x1f3t63m0y05wzves57yvw","add_time_ms":1656684515143,"type":"doc","title":"使用lua-protobuf","_id":"5","content":"1.安装luarocks(lua包管理器）\n    访问luarocks官网（https://luarocks.org/）按说明完成安装。\n    例如在Unix系统中安装LuaRocks：\n    $ wget https://luarocks.org/releases/luarocks-3.9.0.tar.gz\n    $ tar zxpf luarocks-3.9.0.tar.gz\n    $ cd luarocks-3.9.0\n    $ ./configure && make && sudo make install\n    $ sudo luarocks install luasocket\n    $ lua\n    Lua 5.3.5 Copyright (C) 1994-2018 Lua.org, PUC-Rio\n    > require \"socket\"\n\n2.安装lua-protobuf\n    最简单的安装方法是使用Lua生态的包管理器luarocks进行安装：\n        luarocks install lua-protobuf\n    你也可以使用luarocks从源码安装（这样装的版本会更新一些）：\n        git clone https://github.com/starwing/lua-protobuf\n        luarocks make rockspecs/lua-protobuf-scm-1.rockspec\n\n3.集成lua-protobuf库\n    将步骤2中生成的pb.so文件放在luaclib文件夹下\n    将protoc.lua放在lualib文件下，即可完成skynet对lua-protobuf的集成\n\n   注意: 以上步骤所需要的lua版本要统一为skynet官网修改过的lua5.4版本,否则编译过程会提示错误.并且pb.so文件可能无法被skynet识别,或者提示一些函数接口找不到等错误.\n4.测试\n\n","edit_time_ms":1657886182875,"snapshots":[{"id":"01g87vm2mg2ct4g0f8t04g34fn","item_id":"01g6x1f3t63m0y05wzves57yvw","add_time_ms":1658121226896,"hash":"f7a3821351ac3b66651458c042c06d8c","length":856,"char_count_char_with_spaces":856,"char_count_char_without_spaces":713,"char_count_word":252}]},{"id":"01g80vgqr06xhbjwcwbadh2a7k","add_time_ms":1657886236416,"type":"doc","title":"wxWidget入门教程","_id":"6","content":"","edit_time_ms":1657886252459,"icon":"book"},{"id":"01g80vhxmmhr677fe3std67h8f","add_time_ms":1657886275221,"icon":"book","type":"doc","_id":"7","title":"Windows环境下安装wxWidgets","content":"Windows系统下安装\n\n在本教程中，我们将展示如何开始使用wxWidgets 编写应用程序。可以参考“wxWidgets官网主页:“http://www.wxwidgets.org/”.\n\n安装\n\nwxWidgets框架由一组c++头文件和库组成。针对某些平台存在预编译的库版本，但建议安装wxWidgets框架的方法是自己编译库。这就是我们将要展示的方法。\n\n预编译库和源代码可以从(“wxWidgets下载页面”，“http://www.wxwidgets.org/downloads/”获得)。\n\n1.在Visual Studio上安装\n假设我们使用的版本是3.0.2。我们把3.0.2的源代码归档文件在C:\\wxWidgets-3.0.2中解包。\n\nwxWidgets为大多数Visual Studio版本提供了项目文件。它们位于C:\\wxWidgets-3.0.2\\build\\msw，而源文件位于C:\\wxWidgets-3.0.2\\src。在这个页面中，我们将使用Visual Studio 2013，所以我们加载相应的项目文件:C:\\wxWidgets-3.0.2\\build\\msw\\wx_vc12.sln。\n\n 在每个项目文件中定义了四个构建配置:调试、发布、DLL调试和DLL发布。调试和发布配置构建wxWidgets库的静态版本，而DLL调试和DLL发布配置将wxWidgets构建为DLL。静态和动态配置都使用c++运行时库的DLL版本。配置的选择只决定“是将wxWidgets代码本身链接到静态库还是DLL中。\n \n 2.使用Visual Studio 命令行工具编译(推荐方法)\n 以管理身份运行vs命令行工具(visual studio developer prompt command line).在窗口中输入:cd %WXWIN%\\build\\msw敲击回车键.\n 然后输入编译指令:nmake /f makefile.vc BUILD=debug TARGET_CPU=X86 SHARED=0 \n \n 在本教程中，示例将使用静态库来构建调试和发布配置。构建将头文件放入C:\\wxWidgets-3.0.2\\include和C:\\wxWidgets-3.0.2\\lib\\vc_lib中的库。\n \n ","edit_time_ms":1658199920826,"snapshots":[{"id":"01g87vm2npxw7k1r000yn863me","item_id":"01g80vhxmmhr677fe3std67h8f","add_time_ms":1658121226934,"hash":"f9776f4d416003d94524ca0496c9daae","length":770,"char_count_char_with_spaces":770,"char_count_char_without_spaces":741,"char_count_word":388},{"id":"01g8a6y0wxyef2rfkj4sxty9fy","item_id":"01g80vhxmmhr677fe3std67h8f","add_time_ms":1658200195998,"hash":"61dc213d8fd2d1c62d228247d28b9861","length":970,"char_count_char_with_spaces":970,"char_count_char_without_spaces":919,"char_count_word":454}]},{"id":"01g8677k1yk5p7d4703j2sbwxf","add_time_ms":1658066291775,"icon":"book","type":"doc","title":"使用vs和clion创建和编译程序","_id":"8","content":"我们将从一个成功构建但无法正常启动的最小应用程序示例开始。我们的目标是展示成功构建应用程序所需的基本设置。\n\n一. Visual Studio的项目设置\n\n如果使用Visual c++ Win32项目模板创建新项目, 我们需要对项目设置做如下修改:\n1.如果在debug模式下, 将头文件包含目录列表中添加以下三个目录: $(WXWIN)\\include,$(WXWIN)\\include\\msvc和$(WXWIN)\\lib\\vc_lib\\mswud。\n\n如果在release模式下, 将头文件包含目录列表中添加以下三个目录: $(WXWIN)\\include,$(WXWIN)\\include\\msvc和$(WXWIN)\\lib\\vc_lib\\mswu.\n\n2.在库目录列表中添加: $(WXWIN)\\lib\\vc_lib。\n\n这里假设我们已经添加了一个WXWIN环境变量，它指向我们安装wxWidgets头文件和库的目录:在我们的例子中是C:\\wxWidgets-3.0.2。\n\n我们没有向要链接的库列表中添加任何库，这可能令人惊讶。这是因为所需的库是通过一系列#pragma comment(lib， <path>)语句包含的。这些语句被定义在C: wxWidgets-3.0.2\\include\\msvc\\wx\\setup.h文件中。\n\n\n\n二.Clion的项目设置\n编译器选择cmake或者Visual Studio自带的nmake即可.\n如果使用Clion创建新项目, 我们需要对项目做如下修改:\n在根目录下的文件:\nCMakeLists.txt\n        # 设置支持编译的cmake最低版本为3.16\n        cmake_minimum_required(VERSION 3.16)\n        \n        #设置策略CMP0091\n        if (POLICY CMP0091)\n            cmake_policy(SET CMP0091 NEW)\n        endif (POLICY CMP0091)\n        \n        # 定义程序名称为HelloClion\n        project(HelloClion)\n        \n        # 设置使用C++17标准\n        set(CMAKE_CXX_STANDARD 17)\n        \n        #添加程序预编译宏定义\n        add_definitions(-DwxMSVC_VERSION_AUTO=1)\n        add_definitions(-DwxMSVC_VERSION_COMPAT=1)\n        add_definitions(-DUNICODE=1)\n        \n        #添加搜索目录(WXWIN为系统环境变量表示wxWidgets根目录)\n        include_directories(\n                $ENV{WXWIN}/include\n                $ENV{WXWIN}/lib/vc14x_lib/mswud\n        )\n        \n        # 添加链接库目录\n        link_directories(\n                $ENV{WXWIN}/lib/vc14x_lib\n        )\n        \n        # 添加可执行文件HelloClion\n        add_executable(HelloClion WIN32\n                HelloClion.cpp HelloClion.h)\n        \n        # 设置调试模式为静态多线程成:MT/MTd\n        set_property(\n                TARGET HelloClion PROPERTY\n                MSVC_RUNTIME_LIBRARY \"MultiThreaded$<$<CONFIG:Debug>:Debug>\"\n        )\n        \n        # 设置应用程序为窗口程序\n        if(CMAKE_SYSTEM_NAME STREQUAL \"Windows\")\n            set_property(TARGET ${PROJECT_NAME} PROPERTY WIN32_EXECUTABLE true)\n        endif()\n        \n        # 链接wxWidgets库文件到 可执行文件HelloClion.exe\n        target_link_libraries(HelloClion\n                shlwapi.lib\n                version.lib\n                comctl32.lib\n                rpcrt4.lib\n                ws2_32.lib\n                wininet.lib\n                winmm.lib\n                wxmsw32ud_gl.lib\n                wxmsw32ud_stc.lib\n                wxmsw32ud_richtext.lib\n                wxmsw32ud_propgrid.lib\n                wxmsw32ud_ribbon.lib\n                wxmsw32ud_aui.lib\n                wxmsw32ud_xrc.lib\n                wxbase32ud_xml.lib\n                wxmsw32ud_qa.lib\n                wxmsw32ud_webview.lib\n                wxmsw32ud_html.lib\n                wxmsw32ud_media.lib\n                wxmsw32ud_adv.lib\n                wxmsw32ud_core.lib\n                wxbase32ud_net.lib\n                wxbase32ud.lib\n                wxscintillad.lib\n                wxexpatd.lib\n                wxtiffd.lib\n                wxjpegd.lib\n                wxpngd.lib\n                wxzlibd.lib\n                wxregexud.lib\n                wxmsw32u_gl.lib\n        )\n将以上cmakelists.txt文件集成到工程自动生成的cmakelists.txt文件中即可.\n\n\n三. wxApp\nwxApp 是代表应用程序本身的类。通常，应用程序实现一个派生自wxApp的类，并重写wxApp::OnInit()方法来初始化GUI。\n下面显示了从wxApp派生的类的声明。它简单地从wxApp派生并重写OnInit()法。\n\n  文件: HeloWrold.h\n  \n    #ifndef _HELLO_WORLD_H_\n    #define _HELLO_WORLD_H_\n\n    #include <wx/app.h>\n\n    class HelloWorld : public wxApp\n    {\n    public:\n        virtual bool OnInit();\n    };\n\n    #endif\n\n必须使用wxIMPLEMENT_APP宏来提供入口点。在wxWidgets应用程序中，您不需要自己实现main(或WinMain)函数，只需要实现从wxApp派生的类，并让wxIMPLEMENT_APP宏提供main函数。\n\nOnInit()方法通常会初始化用户界面，并返回true表示成功。在第一个示例中，我们只想显示成功编译应用程序所需的最小值，因此我们返回false。返回false将导致应用程序退出。\n\nHelloWorld类的实现如下所示。\n文件: HelloWorld.cpp\n\n    #include \"HelloWorld.h\"\n\n    wxIMPLEMENT_APP(HelloWorld);\n\n    bool HelloWorld::OnInit()\n    {\n        // 通常会在这里完成用户界面的初始化然后返回true表示程序初始化成功.\n        \n        return false;\n    }\n\n我们的第一个例子现在完成了。它应该会成功构建。如果您运行应用程序，它将立即启动和退出，而不显示任何UI。\n","edit_time_ms":1658322418255,"snapshots":[{"id":"01g87vm2ntsepch0txfakfgtwr","item_id":"01g8677k1yk5p7d4703j2sbwxf","add_time_ms":1658121226938,"hash":"1c8e715288faa63f3c4e68d1b4c23b59","length":1240,"char_count_char_with_spaces":1240,"char_count_char_without_spaces":1081,"char_count_word":576},{"id":"01g8806n4402ge8nntfkn2th4w","item_id":"01g8677k1yk5p7d4703j2sbwxf","add_time_ms":1658126029956,"hash":"7e4c047b0218123c27144549f3fd188e","length":1248,"char_count_char_with_spaces":1248,"char_count_char_without_spaces":1081,"char_count_word":576},{"id":"01g880rzd1y04f1dnvxxpe18y7","item_id":"01g8677k1yk5p7d4703j2sbwxf","add_time_ms":1658126630305,"hash":"1c8e715288faa63f3c4e68d1b4c23b59","length":1240,"char_count_char_with_spaces":1240,"char_count_char_without_spaces":1081,"char_count_word":576},{"id":"01g8drbfs0j3x4agepc66g11y0","item_id":"01g8677k1yk5p7d4703j2sbwxf","add_time_ms":1658319126305,"hash":"f412e243b9cf57109eda7d462a74a4f7","length":1377,"char_count_char_with_spaces":1377,"char_count_char_without_spaces":1210,"char_count_word":607},{"id":"01g8drxt41m66xbj9ds99zprc1","item_id":"01g8677k1yk5p7d4703j2sbwxf","add_time_ms":1658319726722,"hash":"1d9d0b306b09b5428b9437ab4dd3ccc1","length":3196,"char_count_char_with_spaces":3196,"char_count_char_without_spaces":2606,"char_count_word":860},{"id":"01g8dsg4ad5vaae2d6qce2009q","item_id":"01g8677k1yk5p7d4703j2sbwxf","add_time_ms":1658320326989,"hash":"6c80c2e4d0a26181089864c0d13a25be","length":3918,"char_count_char_with_spaces":3918,"char_count_char_without_spaces":2692,"char_count_word":902},{"id":"01g8dvsdjdfcc5zpedpxtc3syy","item_id":"01g8677k1yk5p7d4703j2sbwxf","add_time_ms":1658322728525,"hash":"d05e07704dd297e11918ecbd0ee54aa8","length":3918,"char_count_char_with_spaces":3918,"char_count_char_without_spaces":2692,"char_count_word":902}]},{"id":"01g8dsj60acxpcr89qz2qccb3e","add_time_ms":1658320394250,"icon":"book","type":"doc","title":"简单的主窗口程序","_id":"9","content":"现在让我们增强第一个示例，使其显示一个可以关闭的窗口。\n创建第二个示例的初始步骤与第一个示例相同。\n应用程序的主窗口通常由wxFrame类的派生类来实现.\n下面显示了HelloMainFrame应用程序主窗口的代码:\n\n文件: MainFrame.h\n\n    #ifndef _MAIN_FRAME_H_\n    #define _MAIN_FRAME_H_\n    \n    #include <wx/frame.h>\n    \n    class MainFrame : public wxFrame\n    {\n    public:\n        MainFrame(const wxString& title);\n    };\n    \n    #endif\n\n\n文件: MainFrame.cpp\n\n    #include \"MainFrame.h\"\n    \n    MainFrame::MainFrame(const wxString& title)\n        : wxFrame(NULL, wxID_ANY, title)\n    {\n    }\n\n然后我们修改OnInit()函数以创建并显示MainFrame的新实例。该文件如下所示。与HelloClion例子相同的行(除了简单的重命名为MainFrame)已被灰色显示。\n\n文件: MainFrameApp.h\n\n    #ifndef _MAIN_FRAME_APP_H_\n    #define _MAIN_FRAME_APP_H_\n    \n    #include <wx/app.h>\n    \n    class MainFrameApp : public wxApp\n    {\n    public:\n       virtual bool OnInit();\n    };\n    \n    #endif\n    \n\n文件: MainFrameApp.cpp\n\n    #include \"MainFrameApp.h\"\n    #include \"MainFrame.h\"\n    \n    wxIMPLEMENT_APP(MainFrameApp);\n    \n    bool MainFrameApp::OnInit()\n    {\n        MainFrame* frame = new MainFrame(\"MainFrame\");\n        frame->Show(true);\n        return true;\n    }\n\n如果我们编译并运行这个应用程序，将显示一个基本框架。它已经可以处理一些操作，如最小化，最大化或关闭框架。默认情况下，关闭应用程序的最后一帧也会关闭应用程序本身。\n\n\n\n\n\n\n\n\n","edit_time_ms":1658321755400,"snapshots":[{"id":"01g8dt2epgj9pmy60fgvcd8tmv","item_id":"01g8dsj60acxpcr89qz2qccb3e","add_time_ms":1658320927440,"hash":"d13ed264790389d518ef8bdb2f052d9f","length":309,"char_count_char_with_spaces":309,"char_count_char_without_spaces":280,"char_count_word":105},{"id":"01g8dtms15tepbf9zjhmvpfqq2","item_id":"01g8dsj60acxpcr89qz2qccb3e","add_time_ms":1658321527846,"hash":"2542dfa36c591db49bb991645e4e6973","length":1056,"char_count_char_with_spaces":1056,"char_count_char_without_spaces":811,"char_count_word":221},{"id":"01g8dv73by25kezfxyw3xp4tfs","item_id":"01g8dsj60acxpcr89qz2qccb3e","add_time_ms":1658322128254,"hash":"f20516415699cba067dca8c452b7ee95","length":1174,"char_count_char_with_spaces":1174,"char_count_char_without_spaces":876,"char_count_word":301}]},{"id":"01g8dxtt5xjcmnbw9k0gqkgbj9","add_time_ms":1658324871357,"icon":"book","type":"doc","title":"事件","_id":"10","content":"wxWidgets编程基于事件驱动编程范式。用户操作(以及其他操作)会触发导致事件处理程序被执行的事件。","edit_time_ms":1658325038209,"snapshots":[{"id":"01g8dy2pr24saey1386msvy8aj","item_id":"01g8dxtt5xjcmnbw9k0gqkgbj9","add_time_ms":1658325129986,"hash":"87cd8b21e2359eec321accd19e4687b1","length":52,"char_count_char_with_spaces":52,"char_count_char_without_spaces":52,"char_count_word":44}]},{"id":"01g8dzbbfwvaf2p5zwzhc6m6cy","add_time_ms":1658326461948,"icon":"book","type":"doc","title":"Linux环境下安装wxWidgets","_id":"11","content":"基于debian的Linux系统安装wxWidgets\n\n在终端窗口输入: $ sudo apt-get install build-essential\n\n如果我们还没有c++编译器，我们就安装构建必需的包。\n\n执行: $ sudo apt-get install libwxgtk3.0-dev\n\n这样完成了wxWidgets包的安装。\n","edit_time_ms":1658326794017,"snapshots":[{"id":"01g8dzsnyvk6mwjqn134eh38vw","item_id":"01g8dzbbfwvaf2p5zwzhc6m6cy","add_time_ms":1658326931419,"hash":"02387c3d5bc4c07ab301cfe6cd4e715b","length":170,"char_count_char_with_spaces":170,"char_count_char_without_spaces":151,"char_count_word":66}]},{"id":"01g8dzr6tkss702yq6vn1wjc3m","add_time_ms":1658326883155,"icon":"book","type":"doc","title":"wxWidgets帮助类","_id":"12","content":"wxWidgets由一组帮助程序员完成工作的帮助类组成。这些类包括处理字符串、文件、XML文件、流、数据库或网络的类。在这里我们只展示整个类库的一小部分。\n\nwxWidgets库可用于创建控制台和GUI应用程序。在本章中，我们将演示基于控制台的应用程序中的一些helper类。\n\n\n\nwxPuts\n\n这是一个简单的控制台应用程序。应用程序将一些文本放入控制台窗口。\n文件: main.cpp\n\n    #include <wx/string.h>\n    \n    int main(int argc, char **argv)\n    {\n      //向控制台输出一串字符:\"A wxWidgets console application\".\n      wxPuts(wxT(\"A wxWidgets console application\"));\n    }\n\n\nwxString\n\nwxString是一个表示字符串的类。\n\n在下面的例子中, 我们使用了字符串的一写方法。\n\n    #include \"wx/wx.h\"\n\n    int main() {\n    //    向控制台输出一串字符串\n        wxPuts(wxT(\"A wxWidgets console application\"));\n    \n    //    定义字符串\n        wxString str1 = wxT(\"Windows\");\n        wxString str2 = wxT(\"CMake\");\n        wxString str3 = wxT(\"CLion\");\n    \n        wxString str = str1 + wxT(\" \") + str2 + wxT(\" \") + str3;\n    \n        wxPuts(str);\n    \n    //    是否包含某个字符串\n        if (str.Contains(\"Lion\")) {\n            wxPuts(wxT(\"There is a lion in it!\"));\n        }\n    \n    //    格式化初始化字符串内容\n        str.Printf(wxT(\"I'm %d year old.\"), 21);\n    \n        wxPuts(str);\n    \n    //    计算字符串中字符的个数\n        wxPrintf(wxT(\"The string has %d characters\\n\"), str.Len());\n    \n    //    MakeUpper方法将字符设置为大写。\n        wxPuts(str.MakeUpper());\n    \n    //    MakeLower方法将字符设置为小写\n        wxPuts(str.MakeLower());\n    \n        return 0;\n    }\n","edit_time_ms":1658375582383,"snapshots":[{"id":"01g8dzsnyz5c9gd396fafgc5jw","item_id":"01g8dzr6tkss702yq6vn1wjc3m","add_time_ms":1658326931423,"hash":"05c629afec32449ff79e2f247c97ce33","length":75,"char_count_char_with_spaces":75,"char_count_char_without_spaces":75,"char_count_word":65},{"id":"01g8e0c09eb1bx96h9dc0cgz3h","item_id":"01g8dzr6tkss702yq6vn1wjc3m","add_time_ms":1658327531822,"hash":"930900dc1d7da2dfad355dc7fee798dc","length":148,"char_count_char_with_spaces":148,"char_count_char_without_spaces":143,"char_count_word":112},{"id":"01g8e1gmt0h9qnta01swmkry34","item_id":"01g8dzr6tkss702yq6vn1wjc3m","add_time_ms":1658328732480,"hash":"f7ea9a0018b6fae92fa7f25a4fac4e31","length":353,"char_count_char_with_spaces":353,"char_count_char_without_spaces":322,"char_count_word":176},{"id":"01g8e22z3ha92amefvpxzmes1f","item_id":"01g8dzr6tkss702yq6vn1wjc3m","add_time_ms":1658329332849,"hash":"c7f96c608fba22c748b38a77089b2c88","length":466,"char_count_char_with_spaces":466,"char_count_char_without_spaces":396,"char_count_word":228},{"id":"01g8fdhce63ss1pgsb7gr7mzhd","item_id":"01g8dzr6tkss702yq6vn1wjc3m","add_time_ms":1658374894022,"hash":"a1f434af021cd482aea1d93fd17ea043","length":1027,"char_count_char_with_spaces":1027,"char_count_char_without_spaces":805,"char_count_word":324},{"id":"01g8fep1ev68xbqtf2r2k4da0d","item_id":"01g8dzr6tkss702yq6vn1wjc3m","add_time_ms":1658376095195,"hash":"f9fe5c84b5e5ab19d8f86d75afa17c97","length":1280,"char_count_char_with_spaces":1280,"char_count_char_without_spaces":896,"char_count_word":351}]},{"id":"01g8fekpg5wbcbrwdfkjq8n6dm","add_time_ms":1658376018437,"icon":"book","type":"doc","title":"wxWidgets tutorial","_id":"13","content":"wxWidgets tutorial\nlast modified January 6, 2022\n\nThis is wxWidgets tutorial for the C++ programming language. wxWidgets is a cross platform toolkit or framework for creating C++ GUI applications. After reading this tutorial, you will be able to program non trivial wxWidgets applications.\n\nTable of contents\n    Introduction\n    Helper classes\n    First programs\n    Menus and toolbars\n    Layout management\n    Events\n    Dialogs\n    Widgets I\n    Widgets II\n    Drag & drop\n    Device contexts\n    Custom widgets\n    Tetris\n\nwxWidgets\nwxWidgets is a GUI (Graphical User Interface) toolkit for creating C++ applications. It is an open source, mature and cross-platform toolkit. wxWidgets applications run on all major OS platforms, Windows, Unix, and Mac OS.\n\nRelated tutorials\nwxPython tutorial covers the binding of the Python language to the wxWidgets library. The Qt5 tutorial presents the Qt5 library.","edit_time_ms":1658376133670,"snapshots":[{"id":"01g8fep1f0g077b2whjw97wwzm","item_id":"01g8fekpg5wbcbrwdfkjq8n6dm","add_time_ms":1658376095200,"hash":"854c62512b69b74f4a57cb0dd1413284","length":855,"char_count_char_with_spaces":855,"char_count_char_without_spaces":726,"char_count_word":127},{"id":"01g8ff8bh1ke2v84qajkhafycs","item_id":"01g8fekpg5wbcbrwdfkjq8n6dm","add_time_ms":1658376695329,"hash":"9154371811040528ea72026edb9fe26f","length":908,"char_count_char_with_spaces":908,"char_count_char_without_spaces":726,"char_count_word":127}]},{"id":"01g8femrav6yns3285tgwma7wf","add_time_ms":1658376053083,"icon":"book","type":"doc","_id":"14","title":"Introduction to wxWidgets","content":"　　This tutorial will introduce you to the programming with the wxWidgets toolkit.\n\n　　wxWidgets\n\n　　wxWidgets is a Graphical User Interface (GUI) toolkit for creating C++ applications. It is an open source, mature, and cross-platform toolkit. wxWidgets applications run on all major OS platforms, including Windows, Unix, and Mac OS. The project was started by Julian Smart in 1992. wxWidgets is much more than a toolkit. It provides a large variety of classes for handling streams, databases, threads, online help, or application settings. wxWidgets consists of a large group of widgets. The community around wxWidgets is grouped around their website.\n\n　　The C++ programming language\n\n　　The C++ programming language is one of the most widely used programming languages. It is used in many famous desktop applications like MS Office, Macromedia Flash, Firefox, Photoshop or 3D Max. C++ dominates also the world of PC games. It is one of the most difficult programming languages. On the other hand, programming in C++ today is different from programming 10 years ago. There are many tools and libraries that make the programming easier.\n\n　　Programming languages\n\n　　There are currently several widely used programming languages. The following list is based on the TIOBE Programming Community Index. The numbers are from September 2017. As we can see, C++ still belongs to the most popular programming languages in the world.\n\n　　Position\t    Language\t            Ratings\n\n　　1\t               Java\t                         12.7%\n\n　　2\t               C\t                           7.4%\n\n　　3\t               C++\t                         5.6%\n\n　　4\t               C#\t                          4.8%\n\n　　5\t               Python\t                   2.9%\n\n　　6\t               PHP\t                        2.2%\n\n　　7\t              JavaScript\t             2.0%\n\n　　8\t              Visual Basic .NET\t    1.98%\n\n　　9\t              Perl\t                         1.95%\n\n　　10\t          Ruby\t                      1.93%\n\n　　Java is the most widely used programming language. Java excels in creating portable mobile applications, programming various appliances and in creating enterprise applications. Every fourth application is programmed in C/C++. They are standard for creating operating systems and various desktop applications. C/C++ are the most widely used system programming languages.\n\n　　C# is the main programming language of the Microsoft .NET platform.\n\n　　PHP dominates over the Web. While Java is used mainly by large organisations, PHP is used by smaller companies and individuals. PHP is used to create dynamic web applications.\n\n　　Visual Basic .NET is another popular .NET programming language. It represents the popularity of the RAD (Rapid Application Development).\n\n　　Perl, Python, and Ruby are the most widely used scripting languages. They share many similarities. They are close competitors.\n\n　　Multiplatform programming\n\n　　Today, multiplatform programming is a buzzword. Most languages and libraries want to be multiplatform. wxWidgets was created as a multiplatform tool from the beginning. Most developers choose among these options. If it is possible, they go to the web. Or they can use Qt, wxWidgets, Swing, or SWT. The Qt library is the closest competitor to wxWidgets.\n\n　　Installing wxWidgets\n\n　　The following instructions are valid for Debian-based Linux.\n\n　　$ sudo apt-get install build-essential\n\n　　If we do not have a C++ compiler yet, we install the build-essential package.\n\n　　$ sudo apt-get install libwxgtk3.0-dev\n\n　　This installs the wxWidgets package.\n\n　　This was an introduction to wxWidgets.","edit_time_ms":1658376663696,"snapshots":[{"id":"01g8ff8bgtjkj732jyey623t88","item_id":"01g8femrav6yns3285tgwma7wf","add_time_ms":1658376695322,"hash":"d071d82c5cfa6bc0a3a126b662aacd9d","length":3599,"char_count_char_with_spaces":3599,"char_count_char_without_spaces":2651,"char_count_word":486}]},{"id":"01g8ff8cv0qx75gyt2b54q1r5g","add_time_ms":1658376696672,"icon":"book","type":"doc","title":"wxWidgets helper classes","_id":"15","content":"　　wxWidgets consists of a large group of helper classes that help programmers to do their job. These include classes for working with strings, files, XML files, streams, database, or network. Here we will show only a tiny drop of the whole lake.\n\n　　wxWidgets library can be used to create console and GUI applications. In this chapter, we will illustrate some of the helper classes in console based applications.\n\n　　Console\n\n　　This is a simple console application. The application puts some text into the console window.\n\n　　console.cpp\n\n#include <wx/string.h>\n\n　　int main(int argc, char **argv)\n\n　　{\n\n　　wxPuts(wxT(\"A wxWidgets console application\"));\n\n　　}\n\n　　$ g++ console.cpp `wx-config --cxxflags --libs` -o console\n\n　　We compile the program.\n\n　　A wxWidgets console application\n\n　　This is the output.\n\n　　wxString\n\n　　wxString is a class representing a character string.\n\n　　In the following example, we define three wxStrings. We create one string of these strings using addition operation.\n\n　　addition.cpp\n\n#include <wx/string.h>\n\n　　int main(int argc, char **argv)\n\n　　{\n\n　　wxString str1 = wxT(\"Linux\");\n\n　　wxString str2 = wxT(\"Operating\");\n\n　　wxString str3 = wxT(\"System\");\n\n　　wxString str = str1 + wxT(\" \") + str2 + wxT(\" \") + str3;\n\n　　wxPuts(str);\n\n　　}\n\n　　Linux Operating System\n\n　　This is the output.\n\n　　The Printf method is used to format strings.\n\n　　formatted.cpp\n\n#include <wx/string.h>\n\n　　int main(int argc, char **argv)\n\n　　{\n\n　　int flowers = 21;\n\n　　wxString str;\n\n　　str.Printf(wxT(\"There are %d red roses.\"), flowers);\n\n\n\n　　wxPuts(str);\n\n　　}\n\n　　There are 21 red roses.\n\n　　This is the output.\n\n　　The following example checks, whether a string contains another string. For this we have a Contains method.\n\n　　contains.cpp\n\n#include <wx/string.h>\n\n　　int main(int argc, char **argv)\n\n　　{\n\n　　wxString str = wxT(\"The history of my life\");\n\n　　if (str.Contains(wxT(\"history\"))) {\n\n　　wxPuts(wxT(\"Contains!\"));\n\n　　}\n\n\n　　if (!str.Contains(wxT(\"plain\"))) {\n\n　　wxPuts(wxT(\"Does not contain!\"));\n\n　　}\n\n　　}\n\n　　Contains!\n\n　　Does not contain!\n\n　　This is the output.\n\n　　The Len method returns the number of characters in the string.\n\n　　length.cpp\n\n#include <wx/string.h>\n\n　　int main(int argc, char **argv)\n\n　　{\n\n　　wxString str = wxT(\"The history of my life\");\n\n　　wxPrintf(wxT(\"The string has %d characters\\n\"), str.Len());\n\n　　}\n\n　　The string has 22 characters\n\n　　This is the output.\n\n　　The MakeLower and MakeUpper methods make characters lower case and upper case.\n\n　　cases.cpp\n\n#include <wx/string.h>\n\n　　int main(int argc, char **argv)\n\n　　{\n\n　　wxString str = wxT(\"The history of my life\");\n\n　　wxPuts(str.MakeLower());\n\n　　wxPuts(str.MakeUpper());\n\n　　}\n\n　　the history of my life\n\n　　THE HISTORY OF MY LIFE\n\n　　This is the output.\n\n\n\n　　Utility functions\n\n　　wxWidgets has several handy utility functions for executing a process, getting a home user directory or getting the OS name.\n\n　　In the following example, we execute the ls command. For this, we have the wxShell function (Unix only).\n　　\n　　","edit_time_ms":1658377028203,"snapshots":[{"id":"01g8fftnva9y7t8k0hbr1gv299","item_id":"01g8ff8cv0qx75gyt2b54q1r5g","add_time_ms":1658377295722,"hash":"622b9ce7d08b39e5eaf063fff3e04442","length":2981,"char_count_char_with_spaces":2981,"char_count_char_without_spaces":2324,"char_count_word":414}]}],"index_keys":["id"]},"snapshots":{"meta":{"index":26},"data":[{"id":"01g87vm2mg2ct4g0f8t04g34fn","item_id":"01g6x1f3t63m0y05wzves57yvw","add_time_ms":1658121226896,"hash":"f7a3821351ac3b66651458c042c06d8c","full_content":"1.安装luarocks(lua包管理器）\n    访问luarocks官网（https://luarocks.org/）按说明完成安装。\n    例如在Unix系统中安装LuaRocks：\n    $ wget https://luarocks.org/releases/luarocks-3.9.0.tar.gz\n    $ tar zxpf luarocks-3.9.0.tar.gz\n    $ cd luarocks-3.9.0\n    $ ./configure && make && sudo make install\n    $ sudo luarocks install luasocket\n    $ lua\n    Lua 5.3.5 Copyright (C) 1994-2018 Lua.org, PUC-Rio\n    > require \"socket\"\n\n2.安装lua-protobuf\n    最简单的安装方法是使用Lua生态的包管理器luarocks进行安装：\n        luarocks install lua-protobuf\n    你也可以使用luarocks从源码安装（这样装的版本会更新一些）：\n        git clone https://github.com/starwing/lua-protobuf\n        luarocks make rockspecs/lua-protobuf-scm-1.rockspec\n\n3.集成lua-protobuf库\n    将步骤2中生成的pb.so文件放在luaclib文件夹下\n    将protoc.lua放在lualib文件下，即可完成skynet对lua-protobuf的集成\n\n   注意: 以上步骤所需要的lua版本要统一为skynet官网修改过的lua5.4版本,否则编译过程会提示错误.并且pb.so文件可能无法被skynet识别,或者提示一些函数接口找不到等错误.\n4.测试\n\n","_id":"1"},{"id":"01g87vm2nfjrsvxm8rapef8v6k","item_id":"01fnr125pwnb7fw7g7s4pf3hg8","add_time_ms":1658121226927,"hash":"d7be03af20391a09cf5cbf0524b36d1f","full_content":"Win11子系统 Ubuntu 安装 mysql\n\n1.删掉之前安装的mysql, 没有安装过可以忽略.\n    sudo apt remove --purge *mysql*\n    sudo rm -rf /etc/mysql /var /lib/mysql\n    sudo apt remove --purge *mariadb*\n2.更新软件列表和软件\n    sudo apt update\t\t#更新软件列表\n    sudo apt upgrade\t#更新软件\t\n3.安装mysql-server\n    sudo apt install mysql-server\n    安装完后默认开启mysql服务,如果没有开启,可以在终端输入下面的命令开启.\n    sudo service mysql start.\n    开启服务可能会报错:\n    *starting MySQL database server mysqld:No directory, logging in with HOME=/\n    这是mysql日志输出目录没有权限导致的,解决方法是:\n    sudo service mysql stop #停止mysql服务\n    sudo usermod -d /var/lib/mysql/ mysql #启用日志输出目录权限,注意最后一个mysql前有一个空格\n    sudo service mysql start #重启mysql服务\n4.登录mysql数据库\n    mysql -u root -p\t#登录mysql命令\n    Enter password: \t#单击回车键\n    ERROR 1698(28000): Access denied for user 'root'@'localhost'\n    表示mysql禁止用户'root'@'localhost'登入。解决办法是:\n    1.编辑mysql配置文件: sudo vim /etc/mysql/mysql.conf.d/mysqld.cnf\n    在配置文件[mysqld]字段最后加入: skip-grant-tables #不使用密码登录mysql\n    再重新启动mysql: sudo service mysql restart\n    然后再使用命令: mysqladmin -u root password [新的密码]\n    给root用户直接启用新的密码.\n    最后登录:mysql -u root -p\n5.切换数据库\n    use [数据库名];\n    例:use mysql;\n    修改user表属性: update user set plugin='mysql_native_password' where user='root';\n6.查询表\n    字段查询: \tselect [字段1名], [字段2名], [字段3名], ... from [表名];\n    全表查询: \tselect * from [表名];   \n7.退出mysql数据库\n    使用quit命令或者按ctrl+z组合键退出.\n8.使用windows数据库软件连接mysql\n    1.首先需要改变MySQL的配置,执行sudo vim /etc/mysql/mysql.conf.d/mysqld.cnf.\n    2.将找到 bind-address = 127.0.0.1 并注释掉 → # bind-address = 127.0.0.1.\n    3.执行service mysql restart重启 MySQL 服务.\n    4.开启 MySQL 远程访问\n        1.首先登录MySQL.\n        2.执行：GRANT ALL PRIVILEGES ON *.* TO '用户名'@'%'IDENTIFIED BY '密码' WITH GRANT OPTION;新增远程访问用户和用户密码.\n        3.执行 flush privileges;刷新\n    5.打开windows上数据库软件的远程访问MySQL的 终端/客户端.","_id":"2"},{"id":"01g87vm2npxw7k1r000yn863me","item_id":"01g80vhxmmhr677fe3std67h8f","add_time_ms":1658121226934,"hash":"f9776f4d416003d94524ca0496c9daae","full_content":"Windows系统下安装\n\n在本教程中，我们将展示如何开始使用wxWidgets 编写应用程序。可以参考“wxWidgets官网主页:“http://www.wxwidgets.org/”.\n\n安装\n\nwxWidgets框架由一组c++头文件和库组成。针对某些平台存在预编译的库版本，但建议安装wxWidgets框架的方法是自己编译库。这就是我们将要展示的方法。\n\n预编译库和源代码可以从(“wxWidgets下载页面”，“http://www.wxwidgets.org/downloads/”获得)。\n\n在Visual Studio上安装\n假设我们使用的版本是3.0.2。我们把3.0.2的源代码归档文件在C:\\wxWidgets-3.0.2中解包。\n\nwxWidgets为大多数Visual Studio版本提供了项目文件。它们位于C:\\wxWidgets-3.0.2\\build\\msw，而源文件位于C:\\wxWidgets-3.0.2\\src。在这个页面中，我们将使用Visual Studio 2013，所以我们加载相应的项目文件:C:\\wxWidgets-3.0.2\\build\\msw\\wx_vc12.sln。\n\n 在每个项目文件中定义了四个构建配置:调试、发布、DLL调试和DLL发布。调试和发布配置构建wxWidgets库的静态版本，而DLL调试和DLL发布配置将wxWidgets构建为DLL。静态和动态配置都使用c++运行时库的DLL版本。配置的选择只决定“是将wxWidgets代码本身链接到静态库还是DLL中。\n \n 在本教程中，示例将使用静态库来构建调试和发布配置。构建将头文件放入C:\\wxWidgets-3.0.2\\include和C:\\wxWidgets-3.0.2\\lib\\vc_lib中的库。\n \n ","_id":"3"},{"id":"01g87vm2ntsepch0txfakfgtwr","item_id":"01g8677k1yk5p7d4703j2sbwxf","add_time_ms":1658121226938,"hash":"1c8e715288faa63f3c4e68d1b4c23b59","full_content":"我们将从一个成功构建但无法正常启动的最小应用程序示例开始。我们的目标是展示成功构建应用程序所需的基本设置。\n\n项目设置:Visual Studio\n我们使用Visual c++ Win32项目模板创建新项目。\n然后我们对项目设置做如下修改:\n我们将以下两个目录添加到头文件的包含目录列表中:$(WXWIN)\\include和$(WXWIN)\\include\\msvc。\n我们将以下目录添加到库目录列表:$(WXWIN)\\lib\\vc_lib。\n这假设我们已经添加了一个WXWIN环境变量，它指向我们安装wxWidgets头文件和库的目录:在我们的例子中是C:\\wxWidgets-3.0.2。\n\n我们没有向要链接的库列表中添加任何库，这可能令人惊讶。这是因为所需的库是通过一系列#pragma comment(lib， <path>)语句包含的。这些语句被定义在C: wxWidgets-3.0.2\\include\\msvc\\wx\\setup.h文件中。\n\nwxApp\nwxApp 是代表应用程序本身的类。通常，应用程序实现一个派生自wxApp的类，并重写wxApp::OnInit()方法来初始化GUI。\n下面显示了从wxApp派生的类的声明。它简单地从wxApp派生并重写OnInit()法。\n\n  文件: HeloWrold.h\n  \n    #ifndef _HELLO_WORLD_H_\n    #define _HELLO_WORLD_H_\n\n    #include <wx/app.h>\n\n    class HelloWorld : public wxApp\n    {\n    public:\n        virtual bool OnInit();\n    };\n\n    #endif\n\n必须使用wxIMPLEMENT_APP宏来提供入口点。在wxWidgets应用程序中，您不需要自己实现main(或WinMain)函数，只需要实现从wxApp派生的类，并让wxIMPLEMENT_APP宏提供main函数。\n\nOnInit()方法通常会初始化用户界面，并返回true表示成功。在第一个示例中，我们只想显示成功编译应用程序所需的最小值，因此我们返回false。返回false将导致应用程序退出。\n\nHelloWorld类的实现如下所示。\n文件: HelloWorld.cpp\n\n    #include \"HelloWorld.h\"\n\n    wxIMPLEMENT_APP(HelloWorld);\n\n    bool HelloWorld::OnInit()\n    {\n        // 通常会在这里完成用户界面的初始化然后返回true表示程序初始化成功.\n        \n        return false;\n    }\n\n我们的第一个例子现在完成了。它应该会成功构建。如果您运行应用程序，它将立即启动和退出，而不显示任何UI。\n","_id":"4"},{"id":"01g8806n4402ge8nntfkn2th4w","item_id":"01g8677k1yk5p7d4703j2sbwxf","add_time_ms":1658126029956,"hash":"7e4c047b0218123c27144549f3fd188e","full_content":"　　我们将从一个成功构建但无法正常启动的最小应用程序示例开始。我们的目标是展示成功构建应用程序所需的基本设置。\n\n　　项目设置:Visual Studio\n\n　　我们使用Visual c++ Win32项目模板创建新项目。\n\n　　然后我们对项目设置做如下修改:\n\n　　我们将以下两个目录添加到头文件的包含目录列表中:$(WXWIN)\\include和$(WXWIN)\\include\\msvc。\n\n　　我们将以下目录添加到库目录列表:$(WXWIN)\\lib\\vc_lib。\n\n　　这假设我们已经添加了一个WXWIN环境变量，它指向我们安装wxWidgets头文件和库的目录:在我们的例子中是C:\\wxWidgets-3.0.2。\n\n　　我们没有向要链接的库列表中添加任何库，这可能令人惊讶。这是因为所需的库是通过一系列#pragma comment(lib， <path>)语句包含的。这些语句被定义在C: wxWidgets-3.0.2\\include\\msvc\\wx\\setup.h文件中。\n\n　　wxApp\n\n　　wxApp 是代表应用程序本身的类。通常，应用程序实现一个派生自wxApp的类，并重写wxApp::OnInit()方法来初始化GUI。\n\n　　下面显示了从wxApp派生的类的声明。它简单地从wxApp派生并重写OnInit()法。\n\n　　文件: HeloWrold.h\n\n\n\n    #ifndef _HELLO_WORLD_H_\n\n    #define _HELLO_WORLD_H_\n\n    #include <wx/app.h>\n\n　　class HelloWorld : public wxApp\n\n　　{\n\n　　public:\n\n　　virtual bool OnInit();\n\n　　};\n\n    #endif\n\n　　必须使用wxIMPLEMENT_APP宏来提供入口点。在wxWidgets应用程序中，您不需要自己实现main(或WinMain)函数，只需要实现从wxApp派生的类，并让wxIMPLEMENT_APP宏提供main函数。\n\n　　OnInit()方法通常会初始化用户界面，并返回true表示成功。在第一个示例中，我们只想显示成功编译应用程序所需的最小值，因此我们返回false。返回false将导致应用程序退出。\n\n　　HelloWorld类的实现如下所示。\n\n　　文件: HelloWorld.cpp\n\n    #include \"HelloWorld.h\"\n\n　　wxIMPLEMENT_APP(HelloWorld);\n\n　　bool HelloWorld::OnInit()\n\n　　{\n\n　　// 通常会在这里完成用户界面的初始化然后返回true表示程序初始化成功.\n\n\n\n　　return false;\n\n　　}\n\n　　我们的第一个例子现在完成了。它应该会成功构建。如果您运行应用程序，它将立即启动和退出，而不显示任何UI。\n","_id":"5"},{"id":"01g880rzd1y04f1dnvxxpe18y7","item_id":"01g8677k1yk5p7d4703j2sbwxf","add_time_ms":1658126630305,"hash":"1c8e715288faa63f3c4e68d1b4c23b59","full_content":"我们将从一个成功构建但无法正常启动的最小应用程序示例开始。我们的目标是展示成功构建应用程序所需的基本设置。\n\n项目设置:Visual Studio\n我们使用Visual c++ Win32项目模板创建新项目。\n然后我们对项目设置做如下修改:\n我们将以下两个目录添加到头文件的包含目录列表中:$(WXWIN)\\include和$(WXWIN)\\include\\msvc。\n我们将以下目录添加到库目录列表:$(WXWIN)\\lib\\vc_lib。\n这假设我们已经添加了一个WXWIN环境变量，它指向我们安装wxWidgets头文件和库的目录:在我们的例子中是C:\\wxWidgets-3.0.2。\n\n我们没有向要链接的库列表中添加任何库，这可能令人惊讶。这是因为所需的库是通过一系列#pragma comment(lib， <path>)语句包含的。这些语句被定义在C: wxWidgets-3.0.2\\include\\msvc\\wx\\setup.h文件中。\n\nwxApp\nwxApp 是代表应用程序本身的类。通常，应用程序实现一个派生自wxApp的类，并重写wxApp::OnInit()方法来初始化GUI。\n下面显示了从wxApp派生的类的声明。它简单地从wxApp派生并重写OnInit()法。\n\n  文件: HeloWrold.h\n  \n    #ifndef _HELLO_WORLD_H_\n    #define _HELLO_WORLD_H_\n\n    #include <wx/app.h>\n\n    class HelloWorld : public wxApp\n    {\n    public:\n        virtual bool OnInit();\n    };\n\n    #endif\n\n必须使用wxIMPLEMENT_APP宏来提供入口点。在wxWidgets应用程序中，您不需要自己实现main(或WinMain)函数，只需要实现从wxApp派生的类，并让wxIMPLEMENT_APP宏提供main函数。\n\nOnInit()方法通常会初始化用户界面，并返回true表示成功。在第一个示例中，我们只想显示成功编译应用程序所需的最小值，因此我们返回false。返回false将导致应用程序退出。\n\nHelloWorld类的实现如下所示。\n文件: HelloWorld.cpp\n\n    #include \"HelloWorld.h\"\n\n    wxIMPLEMENT_APP(HelloWorld);\n\n    bool HelloWorld::OnInit()\n    {\n        // 通常会在这里完成用户界面的初始化然后返回true表示程序初始化成功.\n        \n        return false;\n    }\n\n我们的第一个例子现在完成了。它应该会成功构建。如果您运行应用程序，它将立即启动和退出，而不显示任何UI。\n","_id":"6"},{"id":"01g8a6y0wxyef2rfkj4sxty9fy","item_id":"01g80vhxmmhr677fe3std67h8f","add_time_ms":1658200195998,"hash":"61dc213d8fd2d1c62d228247d28b9861","full_content":"Windows系统下安装\n\n在本教程中，我们将展示如何开始使用wxWidgets 编写应用程序。可以参考“wxWidgets官网主页:“http://www.wxwidgets.org/”.\n\n安装\n\nwxWidgets框架由一组c++头文件和库组成。针对某些平台存在预编译的库版本，但建议安装wxWidgets框架的方法是自己编译库。这就是我们将要展示的方法。\n\n预编译库和源代码可以从(“wxWidgets下载页面”，“http://www.wxwidgets.org/downloads/”获得)。\n\n1.在Visual Studio上安装\n假设我们使用的版本是3.0.2。我们把3.0.2的源代码归档文件在C:\\wxWidgets-3.0.2中解包。\n\nwxWidgets为大多数Visual Studio版本提供了项目文件。它们位于C:\\wxWidgets-3.0.2\\build\\msw，而源文件位于C:\\wxWidgets-3.0.2\\src。在这个页面中，我们将使用Visual Studio 2013，所以我们加载相应的项目文件:C:\\wxWidgets-3.0.2\\build\\msw\\wx_vc12.sln。\n\n 在每个项目文件中定义了四个构建配置:调试、发布、DLL调试和DLL发布。调试和发布配置构建wxWidgets库的静态版本，而DLL调试和DLL发布配置将wxWidgets构建为DLL。静态和动态配置都使用c++运行时库的DLL版本。配置的选择只决定“是将wxWidgets代码本身链接到静态库还是DLL中。\n \n 2.使用Visual Studio 命令行工具编译(推荐方法)\n 以管理身份运行vs命令行工具(visual studio developer prompt command line).在窗口中输入:cd %WXWIN%\\build\\msw敲击回车键.\n 然后输入编译指令:nmake /f makefile.vc BUILD=debug TARGET_CPU=X86 SHARED=0 \n \n 在本教程中，示例将使用静态库来构建调试和发布配置。构建将头文件放入C:\\wxWidgets-3.0.2\\include和C:\\wxWidgets-3.0.2\\lib\\vc_lib中的库。\n \n ","_id":"7"},{"id":"01g8drbfs0j3x4agepc66g11y0","item_id":"01g8677k1yk5p7d4703j2sbwxf","add_time_ms":1658319126305,"hash":"f412e243b9cf57109eda7d462a74a4f7","patch":"Index: 01g8677k1yk5p7d4703j2sbwxf\n===================================================================\n--- 01g8677k1yk5p7d4703j2sbwxf\n+++ 01g8677k1yk5p7d4703j2sbwxf\n@@ -2,10 +2,15 @@\n \n 项目设置:Visual Studio\n 我们使用Visual c++ Win32项目模板创建新项目。\n 然后我们对项目设置做如下修改:\n-我们将以下两个目录添加到头文件的包含目录列表中:$(WXWIN)\\include和$(WXWIN)\\include\\msvc。\n-我们将以下目录添加到库目录列表:$(WXWIN)\\lib\\vc_lib。\n+\n+1.如果在debug模式下, 将头文件包含目录列表中添加以下三个目录: $(WXWIN)\\include,$(WXWIN)\\include\\msvc和$(WXWIN)\\lib\\vc_lib\\mswud。\n+\n+如果在release模式下, 将头文件包含目录列表中添加以下三个目录:$(WXWIN)\\include,$(WXWIN)\\include\\msvc和$(WXWIN)\\lib\\vc_lib\\mswu.\n+\n+2.在库目录列表中添加$(WXWIN)\\lib\\vc_lib。\n+\n 这假设我们已经添加了一个WXWIN环境变量，它指向我们安装wxWidgets头文件和库的目录:在我们的例子中是C:\\wxWidgets-3.0.2。\n \n 我们没有向要链接的库列表中添加任何库，这可能令人惊讶。这是因为所需的库是通过一系列#pragma comment(lib， <path>)语句包含的。这些语句被定义在C: wxWidgets-3.0.2\\include\\msvc\\wx\\setup.h文件中。\n \n","_id":"8"},{"id":"01g8drxt41m66xbj9ds99zprc1","item_id":"01g8677k1yk5p7d4703j2sbwxf","add_time_ms":1658319726722,"hash":"1d9d0b306b09b5428b9437ab4dd3ccc1","patch":"Index: 01g8677k1yk5p7d4703j2sbwxf\n===================================================================\n--- 01g8677k1yk5p7d4703j2sbwxf\n+++ 01g8677k1yk5p7d4703j2sbwxf\n@@ -1,20 +1,106 @@\n 我们将从一个成功构建但无法正常启动的最小应用程序示例开始。我们的目标是展示成功构建应用程序所需的基本设置。\n \n-项目设置:Visual Studio\n-我们使用Visual c++ Win32项目模板创建新项目。\n-然后我们对项目设置做如下修改:\n+一. Visual Studio的项目设置\n \n+如果使用Visual c++ Win32项目模板创建新项目, 我们需要对项目设置做如下修改:\n 1.如果在debug模式下, 将头文件包含目录列表中添加以下三个目录: $(WXWIN)\\include,$(WXWIN)\\include\\msvc和$(WXWIN)\\lib\\vc_lib\\mswud。\n \n-如果在release模式下, 将头文件包含目录列表中添加以下三个目录:$(WXWIN)\\include,$(WXWIN)\\include\\msvc和$(WXWIN)\\lib\\vc_lib\\mswu.\n+如果在release模式下, 将头文件包含目录列表中添加以下三个目录: $(WXWIN)\\include,$(WXWIN)\\include\\msvc和$(WXWIN)\\lib\\vc_lib\\mswu.\n \n-2.在库目录列表中添加$(WXWIN)\\lib\\vc_lib。\n+2.在库目录列表中添加: $(WXWIN)\\lib\\vc_lib。\n \n-这假设我们已经添加了一个WXWIN环境变量，它指向我们安装wxWidgets头文件和库的目录:在我们的例子中是C:\\wxWidgets-3.0.2。\n+这里假设我们已经添加了一个WXWIN环境变量，它指向我们安装wxWidgets头文件和库的目录:在我们的例子中是C:\\wxWidgets-3.0.2。\n \n 我们没有向要链接的库列表中添加任何库，这可能令人惊讶。这是因为所需的库是通过一系列#pragma comment(lib， <path>)语句包含的。这些语句被定义在C: wxWidgets-3.0.2\\include\\msvc\\wx\\setup.h文件中。\n \n+\n+二.Clion的项目设置\n+如果使用Clion创建新项目, 我们需要对项目做如下修改:\n+在根目录下的文件:\n+CMakeLists.txt\n+# 设置支持编译的cmake最低版本为3.16\n+cmake_minimum_required(VERSION 3.16)\n+\n+#设置策略CMP0091\n+if (POLICY CMP0091)\n+    cmake_policy(SET CMP0091 NEW)\n+endif (POLICY CMP0091)\n+\n+# 定义程序名称为HelloClion\n+project(HelloClion)\n+\n+# 设置使用C++17标准\n+set(CMAKE_CXX_STANDARD 17)\n+\n+#添加程序预编译宏定义\n+add_definitions(-DwxMSVC_WERSION_AUTO=1)\n+add_definitions(-DwxMSVC_VERSION_COMPAT=1)\n+add_definitions(-DUNICODE=1)\n+\n+#添加搜索目录(WXWIN为系统环境变量表示wxWidgets根目录)\n+include_directories(\n+        $ENV{WXWIN}/include\n+        $ENV{WXWIN}/lib/vc14x_lib/mswud\n+)\n+\n+# 添加链接库目录\n+link_directories(\n+        $ENV{WXWIN}/lib/vc14x_lib\n+)\n+\n+# 添加可执行文件HelloClion\n+add_executable(HelloClion WIN32\n+        HelloClion.cpp HelloClion.h)\n+\n+# 设置调试模式为静态多线程成:MT/MTd\n+set_property(\n+        TARGET HelloClion PROPERTY\n+        MSVC_RUNTIME_LIBRARY \"MultiThreaded$<$<CONFIG:Debug>:Debug>\"\n+)\n+\n+# 设置应用程序为窗口程序\n+if(CMAKE_SYSTEM_NAME STREQUAL \"Windows\")\n+    set_property(TARGET ${PROJECT_NAME} PROPERTY WIN32_EXECUTABLE true)\n+endif()\n+\n+# 链接wxWidgets库文件到 可执行文件HelloClion.exe\n+target_link_libraries(HelloClion\n+        shlwapi.lib\n+        version.lib\n+        comctl32.lib\n+        rpcrt4.lib\n+        ws2_32.lib\n+        wininet.lib\n+        winmm.lib\n+        wxmsw32ud_gl.lib\n+        wxmsw32ud_stc.lib\n+        wxmsw32ud_richtext.lib\n+        wxmsw32ud_propgrid.lib\n+        wxmsw32ud_ribbon.lib\n+        wxmsw32ud_aui.lib\n+        wxmsw32ud_xrc.lib\n+        wxbase32ud_xml.lib\n+        wxmsw32ud_qa.lib\n+        wxmsw32ud_webview.lib\n+        wxmsw32ud_html.lib\n+        wxmsw32ud_media.lib\n+        wxmsw32ud_adv.lib\n+        wxmsw32ud_core.lib\n+        wxbase32ud_net.lib\n+        wxbase32ud.lib\n+        wxscintillad.lib\n+        wxexpatd.lib\n+        wxtiffd.lib\n+        wxjpegd.lib\n+        wxpngd.lib\n+        wxzlibd.lib\n+        wxregexud.lib\n+        wxmsw32u_gl.lib\n+)\n+\n+\n+\n wxApp\n wxApp 是代表应用程序本身的类。通常，应用程序实现一个派生自wxApp的类，并重写wxApp::OnInit()方法来初始化GUI。\n 下面显示了从wxApp派生的类的声明。它简单地从wxApp派生并重写OnInit()法。\n \n","_id":"9"},{"id":"01g8dsg4ad5vaae2d6qce2009q","item_id":"01g8677k1yk5p7d4703j2sbwxf","add_time_ms":1658320326989,"hash":"6c80c2e4d0a26181089864c0d13a25be","full_content":"我们将从一个成功构建但无法正常启动的最小应用程序示例开始。我们的目标是展示成功构建应用程序所需的基本设置。\n\n一. Visual Studio的项目设置\n\n如果使用Visual c++ Win32项目模板创建新项目, 我们需要对项目设置做如下修改:\n1.如果在debug模式下, 将头文件包含目录列表中添加以下三个目录: $(WXWIN)\\include,$(WXWIN)\\include\\msvc和$(WXWIN)\\lib\\vc_lib\\mswud。\n\n如果在release模式下, 将头文件包含目录列表中添加以下三个目录: $(WXWIN)\\include,$(WXWIN)\\include\\msvc和$(WXWIN)\\lib\\vc_lib\\mswu.\n\n2.在库目录列表中添加: $(WXWIN)\\lib\\vc_lib。\n\n这里假设我们已经添加了一个WXWIN环境变量，它指向我们安装wxWidgets头文件和库的目录:在我们的例子中是C:\\wxWidgets-3.0.2。\n\n我们没有向要链接的库列表中添加任何库，这可能令人惊讶。这是因为所需的库是通过一系列#pragma comment(lib， <path>)语句包含的。这些语句被定义在C: wxWidgets-3.0.2\\include\\msvc\\wx\\setup.h文件中。\n\n\n\n二.Clion的项目设置\n编译器选择cmake或者Visual Studio自带的nmake即可.\n如果使用Clion创建新项目, 我们需要对项目做如下修改:\n在根目录下的文件:\nCMakeLists.txt\n        # 设置支持编译的cmake最低版本为3.16\n        cmake_minimum_required(VERSION 3.16)\n        \n        #设置策略CMP0091\n        if (POLICY CMP0091)\n            cmake_policy(SET CMP0091 NEW)\n        endif (POLICY CMP0091)\n        \n        # 定义程序名称为HelloClion\n        project(HelloClion)\n        \n        # 设置使用C++17标准\n        set(CMAKE_CXX_STANDARD 17)\n        \n        #添加程序预编译宏定义\n        add_definitions(-DwxMSVC_WERSION_AUTO=1)\n        add_definitions(-DwxMSVC_VERSION_COMPAT=1)\n        add_definitions(-DUNICODE=1)\n        \n        #添加搜索目录(WXWIN为系统环境变量表示wxWidgets根目录)\n        include_directories(\n                $ENV{WXWIN}/include\n                $ENV{WXWIN}/lib/vc14x_lib/mswud\n        )\n        \n        # 添加链接库目录\n        link_directories(\n                $ENV{WXWIN}/lib/vc14x_lib\n        )\n        \n        # 添加可执行文件HelloClion\n        add_executable(HelloClion WIN32\n                HelloClion.cpp HelloClion.h)\n        \n        # 设置调试模式为静态多线程成:MT/MTd\n        set_property(\n                TARGET HelloClion PROPERTY\n                MSVC_RUNTIME_LIBRARY \"MultiThreaded$<$<CONFIG:Debug>:Debug>\"\n        )\n        \n        # 设置应用程序为窗口程序\n        if(CMAKE_SYSTEM_NAME STREQUAL \"Windows\")\n            set_property(TARGET ${PROJECT_NAME} PROPERTY WIN32_EXECUTABLE true)\n        endif()\n        \n        # 链接wxWidgets库文件到 可执行文件HelloClion.exe\n        target_link_libraries(HelloClion\n                shlwapi.lib\n                version.lib\n                comctl32.lib\n                rpcrt4.lib\n                ws2_32.lib\n                wininet.lib\n                winmm.lib\n                wxmsw32ud_gl.lib\n                wxmsw32ud_stc.lib\n                wxmsw32ud_richtext.lib\n                wxmsw32ud_propgrid.lib\n                wxmsw32ud_ribbon.lib\n                wxmsw32ud_aui.lib\n                wxmsw32ud_xrc.lib\n                wxbase32ud_xml.lib\n                wxmsw32ud_qa.lib\n                wxmsw32ud_webview.lib\n                wxmsw32ud_html.lib\n                wxmsw32ud_media.lib\n                wxmsw32ud_adv.lib\n                wxmsw32ud_core.lib\n                wxbase32ud_net.lib\n                wxbase32ud.lib\n                wxscintillad.lib\n                wxexpatd.lib\n                wxtiffd.lib\n                wxjpegd.lib\n                wxpngd.lib\n                wxzlibd.lib\n                wxregexud.lib\n                wxmsw32u_gl.lib\n        )\n将以上cmakelists.txt文件集成到工程自动生成的cmakelists.txt文件中即可.\n\n\n三. wxApp\nwxApp 是代表应用程序本身的类。通常，应用程序实现一个派生自wxApp的类，并重写wxApp::OnInit()方法来初始化GUI。\n下面显示了从wxApp派生的类的声明。它简单地从wxApp派生并重写OnInit()法。\n\n  文件: HeloWrold.h\n  \n    #ifndef _HELLO_WORLD_H_\n    #define _HELLO_WORLD_H_\n\n    #include <wx/app.h>\n\n    class HelloWorld : public wxApp\n    {\n    public:\n        virtual bool OnInit();\n    };\n\n    #endif\n\n必须使用wxIMPLEMENT_APP宏来提供入口点。在wxWidgets应用程序中，您不需要自己实现main(或WinMain)函数，只需要实现从wxApp派生的类，并让wxIMPLEMENT_APP宏提供main函数。\n\nOnInit()方法通常会初始化用户界面，并返回true表示成功。在第一个示例中，我们只想显示成功编译应用程序所需的最小值，因此我们返回false。返回false将导致应用程序退出。\n\nHelloWorld类的实现如下所示。\n文件: HelloWorld.cpp\n\n    #include \"HelloWorld.h\"\n\n    wxIMPLEMENT_APP(HelloWorld);\n\n    bool HelloWorld::OnInit()\n    {\n        // 通常会在这里完成用户界面的初始化然后返回true表示程序初始化成功.\n        \n        return false;\n    }\n\n我们的第一个例子现在完成了。它应该会成功构建。如果您运行应用程序，它将立即启动和退出，而不显示任何UI。\n","_id":"10"},{"id":"01g8dt2epgj9pmy60fgvcd8tmv","item_id":"01g8dsj60acxpcr89qz2qccb3e","add_time_ms":1658320927440,"hash":"d13ed264790389d518ef8bdb2f052d9f","full_content":"现在让我们增强第一个示例，使其显示一个可以关闭的窗口。\n创建第二个示例的初始步骤与第一个示例相同。\n应用程序的主窗口通常由wxFrame类的派生类来实现.\n下面显示了HelloMainFrame应用程序主窗口的代码:\nHelloMainFrame.h\n#ifndef _HELLO_MAIN_FRAME_H_\n#define _HELLO_MAIN_FRAME_H_\n\n#include <wx/frame.h>\n\nclass HelloMainFrame : public wxFrame\n{\npublic:\n    HelloMainFrame(const wxString& title);\n};\n\n#endif","_id":"11"},{"id":"01g8dtms15tepbf9zjhmvpfqq2","item_id":"01g8dsj60acxpcr89qz2qccb3e","add_time_ms":1658321527846,"hash":"2542dfa36c591db49bb991645e4e6973","full_content":"现在让我们增强第一个示例，使其显示一个可以关闭的窗口。\n创建第二个示例的初始步骤与第一个示例相同。\n应用程序的主窗口通常由wxFrame类的派生类来实现.\n下面显示了HelloMainFrame应用程序主窗口的代码:\n\n文件: MainFrame.h\n\n    #ifndef _MAIN_FRAME_H_\n    #define _MAIN_FRAME_H_\n    \n    #include <wx/frame.h>\n    \n    class MainFrame : public wxFrame\n    {\n    public:\n        MainFrame(const wxString& title);\n    };\n    \n    #endif\n\n\n文件: MainFrame.cpp\n\n    #include \"MainFrame.h\"\n    \n    MainFrame::MainFrame(const wxString& title)\n        : wxFrame(NULL, wxID_ANY, title)\n    {\n    }\n\n然后我们修改OnInit()函数以创建并显示MainFrame的新实例。该文件如下所示。与HelloClion例子相同的行(除了简单的重命名为MainFrame)已被灰色显示。\n\n文件: MainFrameApp.h\n\n    #ifndef _MAIN_FRAME_APP_H_\n    #define _MAIN_FRAME_APP_H_\n    \n    #include <wx/app.h>\n    \n    class MainFrameApp : public wxApp\n    {\n    public:\n       virtual bool OnInit();\n    };\n    \n    #endif\n    \n\n文件: MainFrameApp.cpp\n\n#include \"MainFrameApp.h\"\n#include \"MainFrame.h\"\n\nwxIMPLEMENT_APP(MainFrameApp);\n\nbool MinimalApp2::OnInit()\n{\n    MinimalApp2Frame* frame = new MinimalApp2Frame(\"MinimalApp2\");\n    frame->Show(true);\n    return true;\n}\n\n","_id":"12"},{"id":"01g8dv73by25kezfxyw3xp4tfs","item_id":"01g8dsj60acxpcr89qz2qccb3e","add_time_ms":1658322128254,"hash":"f20516415699cba067dca8c452b7ee95","patch":"Index: 01g8dsj60acxpcr89qz2qccb3e\n===================================================================\n--- 01g8dsj60acxpcr89qz2qccb3e\n+++ 01g8dsj60acxpcr89qz2qccb3e\n@@ -47,16 +47,25 @@\n     \n \n 文件: MainFrameApp.cpp\n \n-#include \"MainFrameApp.h\"\n-#include \"MainFrame.h\"\n+    #include \"MainFrameApp.h\"\n+    #include \"MainFrame.h\"\n+    \n+    wxIMPLEMENT_APP(MainFrameApp);\n+    \n+    bool MainFrameApp::OnInit()\n+    {\n+        MainFrame* frame = new MainFrame(\"MainFrame\");\n+        frame->Show(true);\n+        return true;\n+    }\n \n-wxIMPLEMENT_APP(MainFrameApp);\n+如果我们编译并运行这个应用程序，将显示一个基本框架。它已经可以处理一些操作，如最小化，最大化或关闭框架。默认情况下，关闭应用程序的最后一帧也会关闭应用程序本身。\n \n-bool MinimalApp2::OnInit()\n-{\n-    MinimalApp2Frame* frame = new MinimalApp2Frame(\"MinimalApp2\");\n-    frame->Show(true);\n-    return true;\n-}\n \n+\n+\n+\n+\n+\n+\n","_id":"13"},{"id":"01g8dvsdjdfcc5zpedpxtc3syy","item_id":"01g8677k1yk5p7d4703j2sbwxf","add_time_ms":1658322728525,"hash":"d05e07704dd297e11918ecbd0ee54aa8","patch":"Index: 01g8677k1yk5p7d4703j2sbwxf\n===================================================================\n--- 01g8677k1yk5p7d4703j2sbwxf\n+++ 01g8677k1yk5p7d4703j2sbwxf\n@@ -34,9 +34,9 @@\n         # 设置使用C++17标准\n         set(CMAKE_CXX_STANDARD 17)\n         \n         #添加程序预编译宏定义\n-        add_definitions(-DwxMSVC_WERSION_AUTO=1)\n+        add_definitions(-DwxMSVC_VERSION_AUTO=1)\n         add_definitions(-DwxMSVC_VERSION_COMPAT=1)\n         add_definitions(-DUNICODE=1)\n         \n         #添加搜索目录(WXWIN为系统环境变量表示wxWidgets根目录)\n","_id":"14"},{"id":"01g8dy2pr24saey1386msvy8aj","item_id":"01g8dxtt5xjcmnbw9k0gqkgbj9","add_time_ms":1658325129986,"hash":"87cd8b21e2359eec321accd19e4687b1","full_content":"wxWidgets编程基于事件驱动编程范式。用户操作(以及其他操作)会触发导致事件处理程序被执行的事件。","_id":"15"},{"id":"01g8dzsnyvk6mwjqn134eh38vw","item_id":"01g8dzbbfwvaf2p5zwzhc6m6cy","add_time_ms":1658326931419,"hash":"02387c3d5bc4c07ab301cfe6cd4e715b","full_content":"基于debian的Linux系统安装wxWidgets\n\n在终端窗口输入: $ sudo apt-get install build-essential\n\n如果我们还没有c++编译器，我们就安装构建必需的包。\n\n执行: $ sudo apt-get install libwxgtk3.0-dev\n\n这样完成了wxWidgets包的安装。\n","_id":"16"},{"id":"01g8dzsnyz5c9gd396fafgc5jw","item_id":"01g8dzr6tkss702yq6vn1wjc3m","add_time_ms":1658326931423,"hash":"05c629afec32449ff79e2f247c97ce33","full_content":"wxWidgets由一组帮助程序员完成工作的帮助类组成。这些类包括处理字符串、文件、XML文件、流、数据库或网络的类。在这里我们只展示整个湖的一小滴。","_id":"17"},{"id":"01g8e0c09eb1bx96h9dc0cgz3h","item_id":"01g8dzr6tkss702yq6vn1wjc3m","add_time_ms":1658327531822,"hash":"930900dc1d7da2dfad355dc7fee798dc","full_content":"wxWidgets由一组帮助程序员完成工作的帮助类组成。这些类包括处理字符串、文件、XML文件、流、数据库或网络的类。在这里我们只展示整个类库的一小部分。\n\nwxWidgets库可用于创建控制台和GUI应用程序。在本章中，我们将演示基于控制台的应用程序中的一些helper类。\n\nConsole\n","_id":"18"},{"id":"01g8e1gmt0h9qnta01swmkry34","item_id":"01g8dzr6tkss702yq6vn1wjc3m","add_time_ms":1658328732480,"hash":"f7ea9a0018b6fae92fa7f25a4fac4e31","full_content":"wxWidgets由一组帮助程序员完成工作的帮助类组成。这些类包括处理字符串、文件、XML文件、流、数据库或网络的类。在这里我们只展示整个类库的一小部分。\n\nwxWidgets库可用于创建控制台和GUI应用程序。在本章中，我们将演示基于控制台的应用程序中的一些helper类。\n\n\n\nwxPuts\n\n这是一个简单的控制台应用程序。应用程序将一些文本放入控制台窗口。\n文件: main.cpp\n\n#include <wx/string.h>\n\nint main(int argc, char **argv)\n{\n//向控制台输出一串字符:\"A wxWidgets console application\"\n  wxPuts(wxT(\"A wxWidgets console application\"));\n}","_id":"19"},{"id":"01g8e22z3ha92amefvpxzmes1f","item_id":"01g8dzr6tkss702yq6vn1wjc3m","add_time_ms":1658329332849,"hash":"c7f96c608fba22c748b38a77089b2c88","full_content":"wxWidgets由一组帮助程序员完成工作的帮助类组成。这些类包括处理字符串、文件、XML文件、流、数据库或网络的类。在这里我们只展示整个类库的一小部分。\n\nwxWidgets库可用于创建控制台和GUI应用程序。在本章中，我们将演示基于控制台的应用程序中的一些helper类。\n\n\n\nwxPuts\n\n这是一个简单的控制台应用程序。应用程序将一些文本放入控制台窗口。\n文件: main.cpp\n\n    #include <wx/string.h>\n    \n    int main(int argc, char **argv)\n    {\n      //向控制台输出一串字符:\"A wxWidgets console application\".\n      wxPuts(wxT(\"A wxWidgets console application\"));\n    }\n\n\nwxString\n\nwxString是一个表示字符串的类。\n\n在下面的例子中，我们定义了三个wxstring。我们使用加法操作创建这些字符串的一个字符串。\n\n","_id":"20"},{"id":"01g8fdhce63ss1pgsb7gr7mzhd","item_id":"01g8dzr6tkss702yq6vn1wjc3m","add_time_ms":1658374894022,"hash":"a1f434af021cd482aea1d93fd17ea043","patch":"Index: 01g8dzr6tkss702yq6vn1wjc3m\n===================================================================\n--- 01g8dzr6tkss702yq6vn1wjc3m\n+++ 01g8dzr6tkss702yq6vn1wjc3m\n@@ -21,6 +21,37 @@\n wxString\n \n wxString是一个表示字符串的类。\n \n-在下面的例子中，我们定义了三个wxstring。我们使用加法操作创建这些字符串的一个字符串。\n+在下面的例子中, 我们使用了字符串的一写方法。\n \n+\n+#include \"wx/wx.h\"\n+\n+int main() {\n+//    向控制台输出一串字符串\n+    wxPuts(wxT(\"A wxWidgets console application\"));\n+\n+//    定义字符串\n+    wxString str1 = wxT(\"Windows\");\n+    wxString str2 = wxT(\"CMake\");\n+    wxString str3 = wxT(\"CLion\");\n+\n+    wxString str = str1 + wxT(\" \") + str2 + wxT(\" \") + str3;\n+\n+    wxPuts(str);\n+\n+//    是否包含某个字符串\n+    if (str.Contains(\"Lion\")) {\n+        wxPuts(wxT(\"There is a lion in it!\"));\n+    }\n+\n+//    格式化初始化字符串内容\n+    str.Printf(wxT(\"I'm %d year old.\"), 21);\n+\n+    wxPuts(str);\n+\n+//    计算字符串中字符的个数\n+    wxPrintf(wxT(\"The string has %d characters\\n\"), str.Len());\n+\n+    return 0;\n+}\n\\ No newline at end of file\n","_id":"21"},{"id":"01g8fep1ev68xbqtf2r2k4da0d","item_id":"01g8dzr6tkss702yq6vn1wjc3m","add_time_ms":1658376095195,"hash":"f9fe5c84b5e5ab19d8f86d75afa17c97","full_content":"wxWidgets由一组帮助程序员完成工作的帮助类组成。这些类包括处理字符串、文件、XML文件、流、数据库或网络的类。在这里我们只展示整个类库的一小部分。\n\nwxWidgets库可用于创建控制台和GUI应用程序。在本章中，我们将演示基于控制台的应用程序中的一些helper类。\n\n\n\nwxPuts\n\n这是一个简单的控制台应用程序。应用程序将一些文本放入控制台窗口。\n文件: main.cpp\n\n    #include <wx/string.h>\n    \n    int main(int argc, char **argv)\n    {\n      //向控制台输出一串字符:\"A wxWidgets console application\".\n      wxPuts(wxT(\"A wxWidgets console application\"));\n    }\n\n\nwxString\n\nwxString是一个表示字符串的类。\n\n在下面的例子中, 我们使用了字符串的一写方法。\n\n    #include \"wx/wx.h\"\n\n    int main() {\n    //    向控制台输出一串字符串\n        wxPuts(wxT(\"A wxWidgets console application\"));\n    \n    //    定义字符串\n        wxString str1 = wxT(\"Windows\");\n        wxString str2 = wxT(\"CMake\");\n        wxString str3 = wxT(\"CLion\");\n    \n        wxString str = str1 + wxT(\" \") + str2 + wxT(\" \") + str3;\n    \n        wxPuts(str);\n    \n    //    是否包含某个字符串\n        if (str.Contains(\"Lion\")) {\n            wxPuts(wxT(\"There is a lion in it!\"));\n        }\n    \n    //    格式化初始化字符串内容\n        str.Printf(wxT(\"I'm %d year old.\"), 21);\n    \n        wxPuts(str);\n    \n    //    计算字符串中字符的个数\n        wxPrintf(wxT(\"The string has %d characters\\n\"), str.Len());\n    \n    //    MakeUpper方法将字符设置为大写。\n        wxPuts(str.MakeUpper());\n    \n    //    MakeLower方法将字符设置为小写\n        wxPuts(str.MakeLower());\n    \n        return 0;\n    }\n","_id":"22"},{"id":"01g8fep1f0g077b2whjw97wwzm","item_id":"01g8fekpg5wbcbrwdfkjq8n6dm","add_time_ms":1658376095200,"hash":"854c62512b69b74f4a57cb0dd1413284","full_content":"wxWidgets tutorial\nlast modified January 6, 2022\n\nThis is wxWidgets tutorial for the C++ programming language. wxWidgets is a cross platform toolkit or framework for creating C++ GUI applications. After reading this tutorial, you will be able to program non trivial wxWidgets applications.\n\nTable of contents\nIntroduction\nHelper classes\nFirst programs\nMenus and toolbars\nLayout management\nEvents\nDialogs\nWidgets I\nWidgets II\nDrag & drop\nDevice contexts\nCustom widgets\nTetris\nwxWidgets\nwxWidgets is a GUI (Graphical User Interface) toolkit for creating C++ applications. It is an open source, mature and cross-platform toolkit. wxWidgets applications run on all major OS platforms, Windows, Unix, and Mac OS.\n\nRelated tutorials\nwxPython tutorial covers the binding of the Python language to the wxWidgets library. The Qt5 tutorial presents the Qt5 library.","_id":"23"},{"id":"01g8ff8bgtjkj732jyey623t88","item_id":"01g8femrav6yns3285tgwma7wf","add_time_ms":1658376695322,"hash":"d071d82c5cfa6bc0a3a126b662aacd9d","full_content":"　　This tutorial will introduce you to the programming with the wxWidgets toolkit.\n\n　　wxWidgets\n\n　　wxWidgets is a Graphical User Interface (GUI) toolkit for creating C++ applications. It is an open source, mature, and cross-platform toolkit. wxWidgets applications run on all major OS platforms, including Windows, Unix, and Mac OS. The project was started by Julian Smart in 1992. wxWidgets is much more than a toolkit. It provides a large variety of classes for handling streams, databases, threads, online help, or application settings. wxWidgets consists of a large group of widgets. The community around wxWidgets is grouped around their website.\n\n　　The C++ programming language\n\n　　The C++ programming language is one of the most widely used programming languages. It is used in many famous desktop applications like MS Office, Macromedia Flash, Firefox, Photoshop or 3D Max. C++ dominates also the world of PC games. It is one of the most difficult programming languages. On the other hand, programming in C++ today is different from programming 10 years ago. There are many tools and libraries that make the programming easier.\n\n　　Programming languages\n\n　　There are currently several widely used programming languages. The following list is based on the TIOBE Programming Community Index. The numbers are from September 2017. As we can see, C++ still belongs to the most popular programming languages in the world.\n\n　　Position\t    Language\t            Ratings\n\n　　1\t               Java\t                         12.7%\n\n　　2\t               C\t                           7.4%\n\n　　3\t               C++\t                         5.6%\n\n　　4\t               C#\t                          4.8%\n\n　　5\t               Python\t                   2.9%\n\n　　6\t               PHP\t                        2.2%\n\n　　7\t              JavaScript\t             2.0%\n\n　　8\t              Visual Basic .NET\t    1.98%\n\n　　9\t              Perl\t                         1.95%\n\n　　10\t          Ruby\t                      1.93%\n\n　　Java is the most widely used programming language. Java excels in creating portable mobile applications, programming various appliances and in creating enterprise applications. Every fourth application is programmed in C/C++. They are standard for creating operating systems and various desktop applications. C/C++ are the most widely used system programming languages.\n\n　　C# is the main programming language of the Microsoft .NET platform.\n\n　　PHP dominates over the Web. While Java is used mainly by large organisations, PHP is used by smaller companies and individuals. PHP is used to create dynamic web applications.\n\n　　Visual Basic .NET is another popular .NET programming language. It represents the popularity of the RAD (Rapid Application Development).\n\n　　Perl, Python, and Ruby are the most widely used scripting languages. They share many similarities. They are close competitors.\n\n　　Multiplatform programming\n\n　　Today, multiplatform programming is a buzzword. Most languages and libraries want to be multiplatform. wxWidgets was created as a multiplatform tool from the beginning. Most developers choose among these options. If it is possible, they go to the web. Or they can use Qt, wxWidgets, Swing, or SWT. The Qt library is the closest competitor to wxWidgets.\n\n　　Installing wxWidgets\n\n　　The following instructions are valid for Debian-based Linux.\n\n　　$ sudo apt-get install build-essential\n\n　　If we do not have a C++ compiler yet, we install the build-essential package.\n\n　　$ sudo apt-get install libwxgtk3.0-dev\n\n　　This installs the wxWidgets package.\n\n　　This was an introduction to wxWidgets.","_id":"24"},{"id":"01g8ff8bh1ke2v84qajkhafycs","item_id":"01g8fekpg5wbcbrwdfkjq8n6dm","add_time_ms":1658376695329,"hash":"9154371811040528ea72026edb9fe26f","full_content":"wxWidgets tutorial\nlast modified January 6, 2022\n\nThis is wxWidgets tutorial for the C++ programming language. wxWidgets is a cross platform toolkit or framework for creating C++ GUI applications. After reading this tutorial, you will be able to program non trivial wxWidgets applications.\n\nTable of contents\n    Introduction\n    Helper classes\n    First programs\n    Menus and toolbars\n    Layout management\n    Events\n    Dialogs\n    Widgets I\n    Widgets II\n    Drag & drop\n    Device contexts\n    Custom widgets\n    Tetris\n\nwxWidgets\nwxWidgets is a GUI (Graphical User Interface) toolkit for creating C++ applications. It is an open source, mature and cross-platform toolkit. wxWidgets applications run on all major OS platforms, Windows, Unix, and Mac OS.\n\nRelated tutorials\nwxPython tutorial covers the binding of the Python language to the wxWidgets library. The Qt5 tutorial presents the Qt5 library.","_id":"25"},{"id":"01g8fftnva9y7t8k0hbr1gv299","item_id":"01g8ff8cv0qx75gyt2b54q1r5g","add_time_ms":1658377295722,"hash":"622b9ce7d08b39e5eaf063fff3e04442","full_content":"　　wxWidgets consists of a large group of helper classes that help programmers to do their job. These include classes for working with strings, files, XML files, streams, database, or network. Here we will show only a tiny drop of the whole lake.\n\n　　wxWidgets library can be used to create console and GUI applications. In this chapter, we will illustrate some of the helper classes in console based applications.\n\n　　Console\n\n　　This is a simple console application. The application puts some text into the console window.\n\n　　console.cpp\n\n#include <wx/string.h>\n\n　　int main(int argc, char **argv)\n\n　　{\n\n　　wxPuts(wxT(\"A wxWidgets console application\"));\n\n　　}\n\n　　$ g++ console.cpp `wx-config --cxxflags --libs` -o console\n\n　　We compile the program.\n\n　　A wxWidgets console application\n\n　　This is the output.\n\n　　wxString\n\n　　wxString is a class representing a character string.\n\n　　In the following example, we define three wxStrings. We create one string of these strings using addition operation.\n\n　　addition.cpp\n\n#include <wx/string.h>\n\n　　int main(int argc, char **argv)\n\n　　{\n\n　　wxString str1 = wxT(\"Linux\");\n\n　　wxString str2 = wxT(\"Operating\");\n\n　　wxString str3 = wxT(\"System\");\n\n　　wxString str = str1 + wxT(\" \") + str2 + wxT(\" \") + str3;\n\n　　wxPuts(str);\n\n　　}\n\n　　Linux Operating System\n\n　　This is the output.\n\n　　The Printf method is used to format strings.\n\n　　formatted.cpp\n\n#include <wx/string.h>\n\n　　int main(int argc, char **argv)\n\n　　{\n\n　　int flowers = 21;\n\n　　wxString str;\n\n　　str.Printf(wxT(\"There are %d red roses.\"), flowers);\n\n\n\n　　wxPuts(str);\n\n　　}\n\n　　There are 21 red roses.\n\n　　This is the output.\n\n　　The following example checks, whether a string contains another string. For this we have a Contains method.\n\n　　contains.cpp\n\n#include <wx/string.h>\n\n　　int main(int argc, char **argv)\n\n　　{\n\n　　wxString str = wxT(\"The history of my life\");\n\n　　if (str.Contains(wxT(\"history\"))) {\n\n　　wxPuts(wxT(\"Contains!\"));\n\n　　}\n\n\n　　if (!str.Contains(wxT(\"plain\"))) {\n\n　　wxPuts(wxT(\"Does not contain!\"));\n\n　　}\n\n　　}\n\n　　Contains!\n\n　　Does not contain!\n\n　　This is the output.\n\n　　The Len method returns the number of characters in the string.\n\n　　length.cpp\n\n#include <wx/string.h>\n\n　　int main(int argc, char **argv)\n\n　　{\n\n　　wxString str = wxT(\"The history of my life\");\n\n　　wxPrintf(wxT(\"The string has %d characters\\n\"), str.Len());\n\n　　}\n\n　　The string has 22 characters\n\n　　This is the output.\n\n　　The MakeLower and MakeUpper methods make characters lower case and upper case.\n\n　　cases.cpp\n\n#include <wx/string.h>\n\n　　int main(int argc, char **argv)\n\n　　{\n\n　　wxString str = wxT(\"The history of my life\");\n\n　　wxPuts(str.MakeLower());\n\n　　wxPuts(str.MakeUpper());\n\n　　}\n\n　　the history of my life\n\n　　THE HISTORY OF MY LIFE\n\n　　This is the output.\n\n\n\n　　Utility functions\n\n　　wxWidgets has several handy utility functions for executing a process, getting a home user directory or getting the OS name.\n\n　　In the following example, we execute the ls command. For this, we have the wxShell function (Unix only).\n　　\n　　","_id":"26"}],"index_keys":["id"]}}}