{"dict":{"doc_cursors":{"01fnr125pwnb7fw7g7s4pf3hg8":{"line":33,"ch":80},"01fnr125pwv5ed3rh1qf3rbkwk":{"line":33,"ch":0},"01fqdzh4a5jvdxxvf26bb532rr":{"line":5,"ch":0}},"doc_scrolls":{"01fnr125pwnb7fw7g7s4pf3hg8":{"top":1002.6666870117188,"left":0},"01fnr125pwv5ed3rh1qf3rbkwk":{"top":700,"left":0},"01fnr125pvt1emvq4q03paxxzx":{"top":0,"left":0},"01fqdzh4a5jvdxxvf26bb532rr":{"top":0,"left":0}}},"list":{"doc_tree":[{"id":"01fnr125pvt1emvq4q03paxxzx","title":"skynet菜鸟教程","icon":"book","rem":"","children":[{"id":"01fqdzh4a5jvdxxvf26bb532rr","children":[],"title":"常见编译错误和解决办法","rendered_title":"常见编译错误和解决办法"},{"id":"01fnr125pwv5ed3rh1qf3rbkwk","title":"配置config文件","icon":"doc","rem":"","children":[],"is_collapsed":false,"rendered_title":"配置config文件"},{"id":"01fnr125pwnb7fw7g7s4pf3hg8","title":"使用MySQL数据库","icon":"doc","rem":"","children":[],"is_collapsed":false,"rendered_title":"使用MySQL数据库"}],"is_collapsed":false,"rendered_title":"skynet菜鸟教程"}],"recent_visit":["01fnr125pvt1emvq4q03paxxzx","01fnr125pwnb7fw7g7s4pf3hg8","01fnr125pwv5ed3rh1qf3rbkwk","01fqdzh4a5jvdxxvf26bb532rr"]},"set":{},"collection":{"items":{"meta":{"index":4},"data":[{"id":"01fnr125pvt1emvq4q03paxxzx","type":"doc","content":"","memo":"","add_time_ms":1637199175000,"_id":"1","edit_time_ms":1638347206016,"title":"skynet菜鸟教程"},{"id":"01fnr125pwv5ed3rh1qf3rbkwk","type":"doc","content":"配置Config文件\n\nhttps://github.com/cloudwu/skynet.wiki.git\n启动 skynet 服务器需要提供一个配置文件，配置文件的编写可以参考 examples/config ，下面是一个简单的配置文件范例：\n\n    root = \"./\"\n    address = \"127.0.0.1:2526\"\n    master = \"127.0.0.1:2013\"\n    standalone = \"0.0.0.0:2013\"\n    logger = nil\n    snax = root..\"examples/?.lua;\"..root..\"test/?.lua\"                                                                                                        \n\n    -- 以下是必须的配置\n    thread = 8\n    cpath = root..\"cservice/?.so\"\n    harbor = 1\n\n    -- bootstrap配置项\n    start = \"main\"\t-- main script\n    bootstrap = \"snlua bootstrap\"\t\n\n    -- lua配置项\n    luaservice = root..\"service/?.lua;\"..root..\"test/?.lua;\"..root..\"examples/?.lua\"\n    lualoader = \"lualib/loader.lua\"\n    lua_path = \"./lualib/?.lua;./lualib/?/init.lua\" \n    lua_cpath = \"./luaclib/?.so\"\n\n这个配置文件实际上就是一段 lua 代码，通常，我们以 key = value 的形式对配置项赋值。\nskynet 在启动时，会读取里面必要的配置项，并将暂时用不到的配置项以字符串形式保存在 skynet 内部的 env 表中。\n这些配置项可以通过skynet.getenv函数获取。\n\n\n必要的配置项有：\n\n    thread -> 启动多少个工作线程。通常不要将它配置超过你实际拥有的 CPU 核心数。\n    bootstrap ->  skynet启动的第一个引导服务以及其启动参数。默认配置为 snlua bootstrap ，即启动一个名为 bootstrap 的 lua 服务。通常指的是 service/bootstrap.lua 这段代码。\n    cpath -> 用C编写的服务模块的位置，通常指 cservice 下那些 .so 文件。如果你的系统的动态库不是以 .so 为后缀，需要做相应的修改。这个路径可以配置多项，以 ; 分割。\n\n\n在默认的 bootstrap 代码中还会进一步用到一些配置项：\n\nlogger -> 它决定了 skynet 内建的 这个 C API 将信息输出到什么文件中。如果 logger 配置为 nil ，将输出到标准输出。你可以配置一个文件名来将信息记录在特定文件中。\nlogservice ->  默认为 \"logger\" ，你可以配置为你定制的 log 服务（比如加上时间戳等更多信息）。可以参考 来实现它。注：如果你希望用 lua 来编写这个服务，可以在这里填写 snlua ，然后在 logger 配置具体的 lua 服务的名字。在 examples 目录下，有 config.userlog 这个范例可供参考。\nlogpath ->  配置一个路径，当你运行时为一个服务打开 log 时，这个服务所有的输入消息都会被记录在这个目录下，文件名为服务地址。\nstandalone ->  如果把这个 skynet 进程作为主进程启动（skynet 可以由分布在多台机器上的多个进程构成网络），那么需要配置standalone 这一项，表示这个进程是主节点，它需要开启一个控制中心，监听一个端口，让其它节点接入。\nmaster  -> 指定 skynet 控制中心的地址和端口，如果你配置了 standalone 项，那么这一项通常和 standalone 相同。\naddress ->  当前 skynet 节点的地址和端口，方便其它节点和它组网。注：即使你只使用一个节点，也需要开启控制中心，并额外配置这个节点的地址和端口。\nharbor -> 可以是 1-255 间的任意整数。一个 skynet 网络最多支持 255 个节点。每个节点有必须有一个唯一的编号。\n如果 harbor 为 0 ，skynet 工作在单节点模式下。此时 master 和 address 以及 standalone 都不必设置。\nstart ->  这是 bootstrap 最后一个环节将启动的 lua 服务，也就是你定制的 skynet 节点的主程序。默认为 main ，即启动 main.lua 这个脚本。这个 lua 服务的路径由下面的 luaservice 指定。\nenablessl ->  默认为空。如果需要通过 ltls 模块支持 https ，那么需要设置为 true 。\n\n\n集群服务用到的配置项：\n\ncluster ->  它决定了集群配置文件的路径。\n\n\nlua服务由 snlua 提供，它会查找一些配置项以加载 lua 代码： \n\nlualoader ->  用哪一段 lua 代码加载 lua 服务。通常配置为 lualib/loader.lua ，再由这段代码解析服务名称，进一步加载 lua 代码。snlua 会将下面几个配置项取出，放在初始化好的 lua 虚拟机的全局变量中。具体可参考实现。\n\nSERVICE_NAME 第一个参数，通常是服务名。\nLUA_PATH config 文件中配置的 lua_path 。\nLUA_CPATH config 文件中配置的 lua_cpath 。\nLUA_PRELOAD config 文件中配置的 preload 。\nLUA_SERVICE config 文件中配置的 luaservice 。\nluaservice lua 服务代码所在的位置。可以配置多项，以 ; 分割。\n如果在创建 lua 服务时，以一个目录而不是单个文件提供，最终找到的路径还会被添加到 package.path 中。比如，在编写 lua 服务时，有时候会希望把该服务用到的库也放到同一个目录下。\nlua_path -> 将添加到 package.path 中的路径，供 require 调用。\nlua_cpath ->  将添加到 package.cpath 中的路径，供 require 调用。\npreload 在设置完 package 中的路径后，加载 lua 服务代码前，loader 会尝试先运行一个 preload 制定的脚本，默认为空。\nsnax ->  用 snax 框架编写的服务的查找路径。\nprofile ->  默认为 true, 可以用来统计每个服务使用了多少 cpu 时间。在 DebugConsole 中可以查看。会对性能造成微弱的影响，设置为 false 可以关闭这个统计。\n另外，你也可以把一些配置选项配置在环境变量中。比如，你可以把 thread 配置在 这个环境变量里。你可以在 config 文件中写：\nthread=$SKYNET_THREAD\n这样，在 skynet 启动时，就会用 这个环境变量的值替换掉 config 中的 了。\n\n\n后台模式 Daemon Mode\n\ndaemon 配置 daemon = \"./skynet.pid\" 可以以后台模式启动 skynet 。注意，同时请配置 logger 项输出 log 。","memo":"","add_time_ms":1637202706000,"_id":"2","title":"配置config文件","edit_time_ms":1638269008545},{"id":"01fnr125pwnb7fw7g7s4pf3hg8","type":"doc","content":"Win11子系统 Ubuntu 安装 mysql\n\n1.删掉之前安装的mysql, 没有安装过可以忽略.\n    sudo apt remove --purge *mysql*\n    sudo rm -rf /etc/mysql /var /lib/mysql\n    sudo apt remove --purge *mariadb*\n2.更新软件列表和软件\n    sudo apt update\t\t#更新软件列表\n    sudo apt upgrade\t#更新软件\t\n3.安装mysql-server\n    sudo apt install mysql-server\n    安装完后默认开启mysql服务,如果没有开启,可以在终端输入下面的命令开启.\n    sudo service mysql start.\n    开启服务可能会报错:\n    *starting MySQL database server mysqld:No directory, logging in with HOME=/\n    这是mysql日志输出目录没有权限导致的,解决方法是:\n    sudo service mysql stop #停止mysql服务\n    sudo usermod -d /var/lib/mysql/ mysql #启用日志输出目录权限,注意最后一个mysql前有一个空格\n    sudo service mysql start #重启mysql服务\n4.登录mysql数据库\n    mysql -u root -p\t#登录mysql命令\n    Enter password: \t#单击回车键\n    ERROR 1698(28000): Access denied for user 'root'@'localhost'\n    表示mysql禁止用户'root'@'localhost'登入。解决办法是:\n    1.编辑mysql配置文件: sudo vim /etc/mysql/mysql.conf.d/mysqld.cnf\n    在配置文件[mysqld]字段最后加入: skip-grant-tables #不使用密码登录mysql\n    再重新启动mysql: sudo service mysql restart\n    然后再使用命令: mysqladmin -u root password [新的密码]\n    给root用户直接启用新的密码.\n    最后登录:mysql -u root -p\n5.切换数据库\n    use [数据库名];\n    例:use mysql;\n    修改user表属性: update user set plugin='mysql_native_password' where user='root';\n6.查询表\n    字段查询: \tselect [字段1名], [字段2名], [字段3名], ... from [表名];\n    全表查询: \tselect * from [表名];   \n7.退出mysql数据库\n    使用quit命令或者按ctrl+z组合键退出.\n8.使用windows数据库软件连接mysql\n    1.首先需要改变MySQL的配置,执行sudo vim /etc/mysql/mysql.conf.d/mysqld.cnf.\n    2.将找到 bind-address = 127.0.0.1 并注释掉 → # bind-address = 127.0.0.1.\n    3.执行service mysql restart重启 MySQL 服务.\n    4.开启 MySQL 远程访问\n        1.首先登录MySQL.\n        2.执行：GRANT ALL PRIVILEGES ON *.* TO '用户名'@'%'IDENTIFIED BY '密码' WITH GRANT OPTION;新增远程访问用户和用户密码.\n        3.执行 flush privileges;刷新\n    5.打开windows上数据库软件的远程访问MySQL的 终端/客户端.","memo":"","add_time_ms":1637410097000,"_id":"3","title":"使用MySQL数据库","edit_time_ms":1638347193313},{"id":"01fqdzh4a5jvdxxvf26bb532rr","add_time_ms":1640073040198,"type":"doc","_id":"4","title":"常见编译错误和解决办法","content":" skynet 源码下载地址：https://github.com/cloudwu/skynet\n\nskynet 编译:\n\t1.切换到 skynet 目录\n\t2.执行命令：make linux\n\n常见问题:\n\t1.git 命令不存在\n\t解决方法：下载git插件并安装\n\n\t2.fatal: Not a git repository (or any of the parent directories): .git\n\t解决方法：在命令行直接执行命令：git init\n\n\t3./bin/sh: 1: ./autogen.sh: not found\n\t解决方法：安装 autoconf 和 readline-devel \n\n\t4.awk: /lib/i386-linux-gnu/libtinfo.so.5: no version information available (required by /lib/i386-linux-gnu/libreadline.so.7)\n\t解决方法：执行命令：ldd awk，查看 awk 的动态链接库，可以看到有错误信息, 安装对应版本的 libtinfo包.\n\n\t5.warning: File ‘Makefile.in’ has modification time 2380 s in the future\n\t原因: 宿主机与虚拟机的系统时间不同步.\n\t解决方法：解决方法：删除skynet 源文件，重新clone源码文件并编译。\n","edit_time_ms":1640073768084}],"index_keys":["id"]}}}