{"dict":{"doc_cursors":{"01fnr125pwnb7fw7g7s4pf3hg8":{"line":8,"ch":0},"01fnr125pwv5ed3rh1qf3rbkwk":{"line":33,"ch":0},"01fqdzh4a5jvdxxvf26bb532rr":{"line":5,"ch":0},"01g6x1f3t63m0y05wzves57yvw":{"line":8,"ch":9},"01fnr125pvt1emvq4q03paxxzx":{"line":0,"ch":0},"01g80vhxmmhr677fe3std67h8f":{"line":19,"ch":1},"01g8677k1yk5p7d4703j2sbwxf":{"line":20,"ch":23}},"doc_scrolls":{"01fnr125pwnb7fw7g7s4pf3hg8":{"top":0,"left":0},"01fnr125pwv5ed3rh1qf3rbkwk":{"top":700,"left":0},"01fnr125pvt1emvq4q03paxxzx":{"top":0,"left":0},"01fqdzh4a5jvdxxvf26bb532rr":{"top":0,"left":0},"01g6x1f3t63m0y05wzves57yvw":{"top":116,"left":0},"01g80vhxmmhr677fe3std67h8f":{"top":142.6666717529297,"left":0},"01g8677k1yk5p7d4703j2sbwxf":{"top":239.3333282470703,"left":0}},"snapshot_changelogs":{},"stat_daily":{"2022-07-01":{"input":1741,"remove":1088},"2022-07-15":{"input":512,"remove":339},"2022-07-17":{"input":4715,"remove":3005}},"stat_date_hourly":{"2022-07-01_22":{"input":1741,"remove":1088},"2022-07-15_19":{"input":357,"remove":275},"2022-07-15_20":{"input":155,"remove":64},"2022-07-17_21":{"input":1047,"remove":439},"2022-07-17_22":{"input":3668,"remove":2565},"2022-07-17_23":{"input":0,"remove":1}}},"list":{"doc_tree":[{"id":"01fnr125pvt1emvq4q03paxxzx","title":"skynet入门教程","icon":"book","rem":"","is_collapsed":true,"rendered_title":"skynet入门教程","level":0,"has_children":true,"children":[{"id":"01fqdzh4a5jvdxxvf26bb532rr","title":"常见编译错误和解决办法","rendered_title":"常见编译错误和解决办法","level":1,"is_collapsed":true,"has_children":false,"children":[]},{"id":"01fnr125pwv5ed3rh1qf3rbkwk","title":"配置config文件","icon":"doc","rem":"","is_collapsed":true,"rendered_title":"配置config文件","level":1,"has_children":false,"children":[]},{"id":"01fnr125pwnb7fw7g7s4pf3hg8","title":"使用MySQL数据库","icon":"doc","rem":"","is_collapsed":true,"rendered_title":"使用MySQL数据库","level":1,"has_children":false,"children":[]},{"id":"01g6x1f3t63m0y05wzves57yvw","title":"使用lua-protobuf","add_time_ms":1656684515143,"rendered_title":"使用lua-protobuf","level":1,"is_collapsed":true,"has_children":false,"children":[]}]},{"id":"01g80vgqr06xhbjwcwbadh2a7k","title":"wxWidget入门教程","add_time_ms":1657886236416,"rendered_title":"wxWidget入门教程","level":0,"children":[{"id":"01g80vhxmmhr677fe3std67h8f","icon":"book","add_time_ms":1657886275221,"children":[],"title":"1.Windows环境下安装wxWidgets","rendered_title":"1.Windows环境下安装wxWidgets"},{"id":"01g8677k1yk5p7d4703j2sbwxf","title":"2.第一个小应用程序","icon":"book","add_time_ms":1658066291775,"children":[],"rendered_title":"2.第一个小应用程序"}],"icon":"book"}],"recent_visit":["01g8677k1yk5p7d4703j2sbwxf","01g80vhxmmhr677fe3std67h8f","01g80vgqr06xhbjwcwbadh2a7k","01fnr125pvt1emvq4q03paxxzx","01g6x1f3t63m0y05wzves57yvw","01fnr125pwnb7fw7g7s4pf3hg8","01fnr125pwv5ed3rh1qf3rbkwk","01fqdzh4a5jvdxxvf26bb532rr"],"stat_log_input":[]},"set":{},"collection":{"items":{"meta":{"index":8},"data":[{"id":"01fnr125pvt1emvq4q03paxxzx","type":"doc","content":"","memo":"","add_time_ms":1637199175000,"_id":"1","edit_time_ms":1638347206016,"title":"skynet入门教程"},{"id":"01fnr125pwv5ed3rh1qf3rbkwk","type":"doc","content":"配置Config文件\n\nhttps://github.com/cloudwu/skynet.wiki.git\n启动 skynet 服务器需要提供一个配置文件，配置文件的编写可以参考 examples/config ，下面是一个简单的配置文件范例：\n\n    root = \"./\"\n    address = \"127.0.0.1:2526\"\n    master = \"127.0.0.1:2013\"\n    standalone = \"0.0.0.0:2013\"\n    logger = nil\n    snax = root..\"examples/?.lua;\"..root..\"test/?.lua\"                                                                                                        \n\n    -- 以下是必须的配置\n    thread = 8\n    cpath = root..\"cservice/?.so\"\n    harbor = 1\n\n    -- bootstrap配置项\n    start = \"main\"\t-- main script\n    bootstrap = \"snlua bootstrap\"\t\n\n    -- lua配置项\n    luaservice = root..\"service/?.lua;\"..root..\"test/?.lua;\"..root..\"examples/?.lua\"\n    lualoader = \"lualib/loader.lua\"\n    lua_path = \"./lualib/?.lua;./lualib/?/init.lua\" \n    lua_cpath = \"./luaclib/?.so\"\n\n这个配置文件实际上就是一段 lua 代码，通常，我们以 key = value 的形式对配置项赋值。\nskynet 在启动时，会读取里面必要的配置项，并将暂时用不到的配置项以字符串形式保存在 skynet 内部的 env 表中。\n这些配置项可以通过skynet.getenv函数获取。\n\n\n必要的配置项有：\n\n    thread -> 启动多少个工作线程。通常不要将它配置超过你实际拥有的 CPU 核心数。\n    bootstrap ->  skynet启动的第一个引导服务以及其启动参数。默认配置为 snlua bootstrap ，即启动一个名为 bootstrap 的 lua 服务。通常指的是 service/bootstrap.lua 这段代码。\n    cpath -> 用C编写的服务模块的位置，通常指 cservice 下那些 .so 文件。如果你的系统的动态库不是以 .so 为后缀，需要做相应的修改。这个路径可以配置多项，以 ; 分割。\n\n\n在默认的 bootstrap 代码中还会进一步用到一些配置项：\n\nlogger -> 它决定了 skynet 内建的 这个 C API 将信息输出到什么文件中。如果 logger 配置为 nil ，将输出到标准输出。你可以配置一个文件名来将信息记录在特定文件中。\nlogservice ->  默认为 \"logger\" ，你可以配置为你定制的 log 服务（比如加上时间戳等更多信息）。可以参考 来实现它。注：如果你希望用 lua 来编写这个服务，可以在这里填写 snlua ，然后在 logger 配置具体的 lua 服务的名字。在 examples 目录下，有 config.userlog 这个范例可供参考。\nlogpath ->  配置一个路径，当你运行时为一个服务打开 log 时，这个服务所有的输入消息都会被记录在这个目录下，文件名为服务地址。\nstandalone ->  如果把这个 skynet 进程作为主进程启动（skynet 可以由分布在多台机器上的多个进程构成网络），那么需要配置standalone 这一项，表示这个进程是主节点，它需要开启一个控制中心，监听一个端口，让其它节点接入。\nmaster  -> 指定 skynet 控制中心的地址和端口，如果你配置了 standalone 项，那么这一项通常和 standalone 相同。\naddress ->  当前 skynet 节点的地址和端口，方便其它节点和它组网。注：即使你只使用一个节点，也需要开启控制中心，并额外配置这个节点的地址和端口。\nharbor -> 可以是 1-255 间的任意整数。一个 skynet 网络最多支持 255 个节点。每个节点有必须有一个唯一的编号。\n如果 harbor 为 0 ，skynet 工作在单节点模式下。此时 master 和 address 以及 standalone 都不必设置。\nstart ->  这是 bootstrap 最后一个环节将启动的 lua 服务，也就是你定制的 skynet 节点的主程序。默认为 main ，即启动 main.lua 这个脚本。这个 lua 服务的路径由下面的 luaservice 指定。\nenablessl ->  默认为空。如果需要通过 ltls 模块支持 https ，那么需要设置为 true 。\n\n\n集群服务用到的配置项：\n\ncluster ->  它决定了集群配置文件的路径。\n\n\nlua服务由 snlua 提供，它会查找一些配置项以加载 lua 代码： \n\nlualoader ->  用哪一段 lua 代码加载 lua 服务。通常配置为 lualib/loader.lua ，再由这段代码解析服务名称，进一步加载 lua 代码。snlua 会将下面几个配置项取出，放在初始化好的 lua 虚拟机的全局变量中。具体可参考实现。\n\nSERVICE_NAME 第一个参数，通常是服务名。\nLUA_PATH config 文件中配置的 lua_path 。\nLUA_CPATH config 文件中配置的 lua_cpath 。\nLUA_PRELOAD config 文件中配置的 preload 。\nLUA_SERVICE config 文件中配置的 luaservice 。\nluaservice lua 服务代码所在的位置。可以配置多项，以 ; 分割。\n如果在创建 lua 服务时，以一个目录而不是单个文件提供，最终找到的路径还会被添加到 package.path 中。比如，在编写 lua 服务时，有时候会希望把该服务用到的库也放到同一个目录下。\nlua_path -> 将添加到 package.path 中的路径，供 require 调用。\nlua_cpath ->  将添加到 package.cpath 中的路径，供 require 调用。\npreload 在设置完 package 中的路径后，加载 lua 服务代码前，loader 会尝试先运行一个 preload 制定的脚本，默认为空。\nsnax ->  用 snax 框架编写的服务的查找路径。\nprofile ->  默认为 true, 可以用来统计每个服务使用了多少 cpu 时间。在 DebugConsole 中可以查看。会对性能造成微弱的影响，设置为 false 可以关闭这个统计。\n另外，你也可以把一些配置选项配置在环境变量中。比如，你可以把 thread 配置在 这个环境变量里。你可以在 config 文件中写：\nthread=$SKYNET_THREAD\n这样，在 skynet 启动时，就会用 这个环境变量的值替换掉 config 中的 了。\n\n\n后台模式 Daemon Mode\n\ndaemon 配置 daemon = \"./skynet.pid\" 可以以后台模式启动 skynet 。注意，同时请配置 logger 项输出 log 。","memo":"","add_time_ms":1637202706000,"_id":"2","title":"配置config文件","edit_time_ms":1638269008545},{"id":"01fnr125pwnb7fw7g7s4pf3hg8","type":"doc","content":"Win11子系统 Ubuntu 安装 mysql\n\n1.删掉之前安装的mysql, 没有安装过可以忽略.\n    sudo apt remove --purge *mysql*\n    sudo rm -rf /etc/mysql /var /lib/mysql\n    sudo apt remove --purge *mariadb*\n2.更新软件列表和软件\n    sudo apt update\t\t#更新软件列表\n    sudo apt upgrade\t#更新软件\t\n3.安装mysql-server\n    sudo apt install mysql-server\n    安装完后默认开启mysql服务,如果没有开启,可以在终端输入下面的命令开启.\n    sudo service mysql start.\n    开启服务可能会报错:\n    *starting MySQL database server mysqld:No directory, logging in with HOME=/\n    这是mysql日志输出目录没有权限导致的,解决方法是:\n    sudo service mysql stop #停止mysql服务\n    sudo usermod -d /var/lib/mysql/ mysql #启用日志输出目录权限,注意最后一个mysql前有一个空格\n    sudo service mysql start #重启mysql服务\n4.登录mysql数据库\n    mysql -u root -p\t#登录mysql命令\n    Enter password: \t#单击回车键\n    ERROR 1698(28000): Access denied for user 'root'@'localhost'\n    表示mysql禁止用户'root'@'localhost'登入。解决办法是:\n    1.编辑mysql配置文件: sudo vim /etc/mysql/mysql.conf.d/mysqld.cnf\n    在配置文件[mysqld]字段最后加入: skip-grant-tables #不使用密码登录mysql\n    再重新启动mysql: sudo service mysql restart\n    然后再使用命令: mysqladmin -u root password [新的密码]\n    给root用户直接启用新的密码.\n    最后登录:mysql -u root -p\n5.切换数据库\n    use [数据库名];\n    例:use mysql;\n    修改user表属性: update user set plugin='mysql_native_password' where user='root';\n6.查询表\n    字段查询: \tselect [字段1名], [字段2名], [字段3名], ... from [表名];\n    全表查询: \tselect * from [表名];   \n7.退出mysql数据库\n    使用quit命令或者按ctrl+z组合键退出.\n8.使用windows数据库软件连接mysql\n    1.首先需要改变MySQL的配置,执行sudo vim /etc/mysql/mysql.conf.d/mysqld.cnf.\n    2.将找到 bind-address = 127.0.0.1 并注释掉 → # bind-address = 127.0.0.1.\n    3.执行service mysql restart重启 MySQL 服务.\n    4.开启 MySQL 远程访问\n        1.首先登录MySQL.\n        2.执行：GRANT ALL PRIVILEGES ON *.* TO '用户名'@'%'IDENTIFIED BY '密码' WITH GRANT OPTION;新增远程访问用户和用户密码.\n        3.执行 flush privileges;刷新\n    5.打开windows上数据库软件的远程访问MySQL的 终端/客户端.","memo":"","add_time_ms":1637410097000,"_id":"3","title":"使用MySQL数据库","edit_time_ms":1657886022635,"snapshots":[{"id":"01g87vm2nfjrsvxm8rapef8v6k","item_id":"01fnr125pwnb7fw7g7s4pf3hg8","add_time_ms":1658121226927,"hash":"d7be03af20391a09cf5cbf0524b36d1f","length":1763,"char_count_char_with_spaces":1763,"char_count_char_without_spaces":1414,"char_count_word":579}]},{"id":"01fqdzh4a5jvdxxvf26bb532rr","add_time_ms":1640073040198,"type":"doc","_id":"4","title":"常见编译错误和解决办法","content":" skynet 源码下载地址：https://github.com/cloudwu/skynet\n\nskynet 编译:\n\t1.切换到 skynet 目录\n\t2.执行命令：make linux\n\n常见问题:\n\t1.git 命令不存在\n\t解决方法：下载git插件并安装\n\n\t2.fatal: Not a git repository (or any of the parent directories): .git\n\t解决方法：在命令行直接执行命令：git init\n\n\t3./bin/sh: 1: ./autogen.sh: not found\n\t解决方法：安装 autoconf 和 readline-devel \n\n\t4.awk: /lib/i386-linux-gnu/libtinfo.so.5: no version information available (required by /lib/i386-linux-gnu/libreadline.so.7)\n\t解决方法：执行命令：ldd awk，查看 awk 的动态链接库，可以看到有错误信息, 安装对应版本的 libtinfo包.\n\n\t5.warning: File ‘Makefile.in’ has modification time 2380 s in the future\n\t原因: 宿主机与虚拟机的系统时间不同步.\n\t解决方法：解决方法：删除skynet 源文件，重新clone源码文件并编译。\n","edit_time_ms":1640073768084},{"id":"01g6x1f3t63m0y05wzves57yvw","add_time_ms":1656684515143,"type":"doc","title":"使用lua-protobuf","_id":"5","content":"1.安装luarocks(lua包管理器）\n    访问luarocks官网（https://luarocks.org/）按说明完成安装。\n    例如在Unix系统中安装LuaRocks：\n    $ wget https://luarocks.org/releases/luarocks-3.9.0.tar.gz\n    $ tar zxpf luarocks-3.9.0.tar.gz\n    $ cd luarocks-3.9.0\n    $ ./configure && make && sudo make install\n    $ sudo luarocks install luasocket\n    $ lua\n    Lua 5.3.5 Copyright (C) 1994-2018 Lua.org, PUC-Rio\n    > require \"socket\"\n\n2.安装lua-protobuf\n    最简单的安装方法是使用Lua生态的包管理器luarocks进行安装：\n        luarocks install lua-protobuf\n    你也可以使用luarocks从源码安装（这样装的版本会更新一些）：\n        git clone https://github.com/starwing/lua-protobuf\n        luarocks make rockspecs/lua-protobuf-scm-1.rockspec\n\n3.集成lua-protobuf库\n    将步骤2中生成的pb.so文件放在luaclib文件夹下\n    将protoc.lua放在lualib文件下，即可完成skynet对lua-protobuf的集成\n\n   注意: 以上步骤所需要的lua版本要统一为skynet官网修改过的lua5.4版本,否则编译过程会提示错误.并且pb.so文件可能无法被skynet识别,或者提示一些函数接口找不到等错误.\n4.测试\n\n","edit_time_ms":1657886182875,"snapshots":[{"id":"01g87vm2mg2ct4g0f8t04g34fn","item_id":"01g6x1f3t63m0y05wzves57yvw","add_time_ms":1658121226896,"hash":"f7a3821351ac3b66651458c042c06d8c","length":856,"char_count_char_with_spaces":856,"char_count_char_without_spaces":713,"char_count_word":252}]},{"id":"01g80vgqr06xhbjwcwbadh2a7k","add_time_ms":1657886236416,"type":"doc","title":"wxWidget入门教程","_id":"6","content":"","edit_time_ms":1657886252459,"icon":"book"},{"id":"01g80vhxmmhr677fe3std67h8f","add_time_ms":1657886275221,"icon":"book","type":"doc","_id":"7","title":"1.Windows环境下安装wxWidgets","content":"Windows系统下安装\n\n在本教程中，我们将展示如何开始使用wxWidgets 编写应用程序。可以参考“wxWidgets官网主页:“http://www.wxwidgets.org/”.\n\n安装\n\nwxWidgets框架由一组c++头文件和库组成。针对某些平台存在预编译的库版本，但建议安装wxWidgets框架的方法是自己编译库。这就是我们将要展示的方法。\n\n预编译库和源代码可以从(“wxWidgets下载页面”，“http://www.wxwidgets.org/downloads/”获得)。\n\n在Visual Studio上安装\n假设我们使用的版本是3.0.2。我们把3.0.2的源代码归档文件在C:\\wxWidgets-3.0.2中解包。\n\nwxWidgets为大多数Visual Studio版本提供了项目文件。它们位于C:\\wxWidgets-3.0.2\\build\\msw，而源文件位于C:\\wxWidgets-3.0.2\\src。在这个页面中，我们将使用Visual Studio 2013，所以我们加载相应的项目文件:C:\\wxWidgets-3.0.2\\build\\msw\\wx_vc12.sln。\n\n 在每个项目文件中定义了四个构建配置:调试、发布、DLL调试和DLL发布。调试和发布配置构建wxWidgets库的静态版本，而DLL调试和DLL发布配置将wxWidgets构建为DLL。静态和动态配置都使用c++运行时库的DLL版本。配置的选择只决定“是将wxWidgets代码本身链接到静态库还是DLL中。\n \n 在本教程中，示例将使用静态库来构建调试和发布配置。构建将头文件放入C:\\wxWidgets-3.0.2\\include和C:\\wxWidgets-3.0.2\\lib\\vc_lib中的库。\n \n ","edit_time_ms":1658066201355,"snapshots":[{"id":"01g87vm2npxw7k1r000yn863me","item_id":"01g80vhxmmhr677fe3std67h8f","add_time_ms":1658121226934,"hash":"f9776f4d416003d94524ca0496c9daae","length":770,"char_count_char_with_spaces":770,"char_count_char_without_spaces":741,"char_count_word":388}]},{"id":"01g8677k1yk5p7d4703j2sbwxf","add_time_ms":1658066291775,"icon":"book","type":"doc","title":"2.第一个小应用程序","_id":"8","content":"我们将从一个成功构建但无法正常启动的最小应用程序示例开始。我们的目标是展示成功构建应用程序所需的基本设置。\n\n项目设置:Visual Studio\n我们使用Visual c++ Win32项目模板创建新项目。\n然后我们对项目设置做如下修改:\n我们将以下两个目录添加到头文件的包含目录列表中:$(WXWIN)\\include和$(WXWIN)\\include\\msvc。\n我们将以下目录添加到库目录列表:$(WXWIN)\\lib\\vc_lib。\n这假设我们已经添加了一个WXWIN环境变量，它指向我们安装wxWidgets头文件和库的目录:在我们的例子中是C:\\wxWidgets-3.0.2。\n\n我们没有向要链接的库列表中添加任何库，这可能令人惊讶。这是因为所需的库是通过一系列#pragma comment(lib， <path>)语句包含的。这些语句被定义在C: wxWidgets-3.0.2\\include\\msvc\\wx\\setup.h文件中。\n\nwxApp\nwxApp 是代表应用程序本身的类。通常，应用程序实现一个派生自wxApp的类，并重写wxApp::OnInit()方法来初始化GUI。\n下面显示了从wxApp派生的类的声明。它简单地从wxApp派生并重写OnInit()法。\n\n  文件: HeloWrold.h\n  \n    #ifndef _HELLO_WORLD_H_\n    #define _HELLO_WORLD_H_\n\n    #include <wx/app.h>\n\n    class HelloWorld : public wxApp\n    {\n    public:\n        virtual bool OnInit();\n    };\n\n    #endif\n\n必须使用wxIMPLEMENT_APP宏来提供入口点。在wxWidgets应用程序中，您不需要自己实现main(或WinMain)函数，只需要实现从wxApp派生的类，并让wxIMPLEMENT_APP宏提供main函数。\n\nOnInit()方法通常会初始化用户界面，并返回true表示成功。在第一个示例中，我们只想显示成功编译应用程序所需的最小值，因此我们返回false。返回false将导致应用程序退出。\n\nHelloWorld类的实现如下所示。\n文件: HelloWorld.cpp\n\n    #include \"HelloWorld.h\"\n\n    wxIMPLEMENT_APP(HelloWorld);\n\n    bool HelloWorld::OnInit()\n    {\n        // 通常会在这里完成用户界面的初始化然后返回true表示程序初始化成功.\n        \n        return false;\n    }\n\n我们的第一个例子现在完成了。它应该会成功构建。如果您运行应用程序，它将立即启动和退出，而不显示任何UI。\n","edit_time_ms":1658126069326,"snapshots":[{"id":"01g87vm2ntsepch0txfakfgtwr","item_id":"01g8677k1yk5p7d4703j2sbwxf","add_time_ms":1658121226938,"hash":"1c8e715288faa63f3c4e68d1b4c23b59","length":1240,"char_count_char_with_spaces":1240,"char_count_char_without_spaces":1081,"char_count_word":576},{"id":"01g8806n4402ge8nntfkn2th4w","item_id":"01g8677k1yk5p7d4703j2sbwxf","add_time_ms":1658126029956,"hash":"7e4c047b0218123c27144549f3fd188e","length":1248,"char_count_char_with_spaces":1248,"char_count_char_without_spaces":1081,"char_count_word":576},{"id":"01g880rzd1y04f1dnvxxpe18y7","item_id":"01g8677k1yk5p7d4703j2sbwxf","add_time_ms":1658126630305,"hash":"1c8e715288faa63f3c4e68d1b4c23b59","length":1240,"char_count_char_with_spaces":1240,"char_count_char_without_spaces":1081,"char_count_word":576}]}],"index_keys":["id"]},"snapshots":{"meta":{"index":6},"data":[{"id":"01g87vm2mg2ct4g0f8t04g34fn","item_id":"01g6x1f3t63m0y05wzves57yvw","add_time_ms":1658121226896,"hash":"f7a3821351ac3b66651458c042c06d8c","full_content":"1.安装luarocks(lua包管理器）\n    访问luarocks官网（https://luarocks.org/）按说明完成安装。\n    例如在Unix系统中安装LuaRocks：\n    $ wget https://luarocks.org/releases/luarocks-3.9.0.tar.gz\n    $ tar zxpf luarocks-3.9.0.tar.gz\n    $ cd luarocks-3.9.0\n    $ ./configure && make && sudo make install\n    $ sudo luarocks install luasocket\n    $ lua\n    Lua 5.3.5 Copyright (C) 1994-2018 Lua.org, PUC-Rio\n    > require \"socket\"\n\n2.安装lua-protobuf\n    最简单的安装方法是使用Lua生态的包管理器luarocks进行安装：\n        luarocks install lua-protobuf\n    你也可以使用luarocks从源码安装（这样装的版本会更新一些）：\n        git clone https://github.com/starwing/lua-protobuf\n        luarocks make rockspecs/lua-protobuf-scm-1.rockspec\n\n3.集成lua-protobuf库\n    将步骤2中生成的pb.so文件放在luaclib文件夹下\n    将protoc.lua放在lualib文件下，即可完成skynet对lua-protobuf的集成\n\n   注意: 以上步骤所需要的lua版本要统一为skynet官网修改过的lua5.4版本,否则编译过程会提示错误.并且pb.so文件可能无法被skynet识别,或者提示一些函数接口找不到等错误.\n4.测试\n\n","_id":"1"},{"id":"01g87vm2nfjrsvxm8rapef8v6k","item_id":"01fnr125pwnb7fw7g7s4pf3hg8","add_time_ms":1658121226927,"hash":"d7be03af20391a09cf5cbf0524b36d1f","full_content":"Win11子系统 Ubuntu 安装 mysql\n\n1.删掉之前安装的mysql, 没有安装过可以忽略.\n    sudo apt remove --purge *mysql*\n    sudo rm -rf /etc/mysql /var /lib/mysql\n    sudo apt remove --purge *mariadb*\n2.更新软件列表和软件\n    sudo apt update\t\t#更新软件列表\n    sudo apt upgrade\t#更新软件\t\n3.安装mysql-server\n    sudo apt install mysql-server\n    安装完后默认开启mysql服务,如果没有开启,可以在终端输入下面的命令开启.\n    sudo service mysql start.\n    开启服务可能会报错:\n    *starting MySQL database server mysqld:No directory, logging in with HOME=/\n    这是mysql日志输出目录没有权限导致的,解决方法是:\n    sudo service mysql stop #停止mysql服务\n    sudo usermod -d /var/lib/mysql/ mysql #启用日志输出目录权限,注意最后一个mysql前有一个空格\n    sudo service mysql start #重启mysql服务\n4.登录mysql数据库\n    mysql -u root -p\t#登录mysql命令\n    Enter password: \t#单击回车键\n    ERROR 1698(28000): Access denied for user 'root'@'localhost'\n    表示mysql禁止用户'root'@'localhost'登入。解决办法是:\n    1.编辑mysql配置文件: sudo vim /etc/mysql/mysql.conf.d/mysqld.cnf\n    在配置文件[mysqld]字段最后加入: skip-grant-tables #不使用密码登录mysql\n    再重新启动mysql: sudo service mysql restart\n    然后再使用命令: mysqladmin -u root password [新的密码]\n    给root用户直接启用新的密码.\n    最后登录:mysql -u root -p\n5.切换数据库\n    use [数据库名];\n    例:use mysql;\n    修改user表属性: update user set plugin='mysql_native_password' where user='root';\n6.查询表\n    字段查询: \tselect [字段1名], [字段2名], [字段3名], ... from [表名];\n    全表查询: \tselect * from [表名];   \n7.退出mysql数据库\n    使用quit命令或者按ctrl+z组合键退出.\n8.使用windows数据库软件连接mysql\n    1.首先需要改变MySQL的配置,执行sudo vim /etc/mysql/mysql.conf.d/mysqld.cnf.\n    2.将找到 bind-address = 127.0.0.1 并注释掉 → # bind-address = 127.0.0.1.\n    3.执行service mysql restart重启 MySQL 服务.\n    4.开启 MySQL 远程访问\n        1.首先登录MySQL.\n        2.执行：GRANT ALL PRIVILEGES ON *.* TO '用户名'@'%'IDENTIFIED BY '密码' WITH GRANT OPTION;新增远程访问用户和用户密码.\n        3.执行 flush privileges;刷新\n    5.打开windows上数据库软件的远程访问MySQL的 终端/客户端.","_id":"2"},{"id":"01g87vm2npxw7k1r000yn863me","item_id":"01g80vhxmmhr677fe3std67h8f","add_time_ms":1658121226934,"hash":"f9776f4d416003d94524ca0496c9daae","full_content":"Windows系统下安装\n\n在本教程中，我们将展示如何开始使用wxWidgets 编写应用程序。可以参考“wxWidgets官网主页:“http://www.wxwidgets.org/”.\n\n安装\n\nwxWidgets框架由一组c++头文件和库组成。针对某些平台存在预编译的库版本，但建议安装wxWidgets框架的方法是自己编译库。这就是我们将要展示的方法。\n\n预编译库和源代码可以从(“wxWidgets下载页面”，“http://www.wxwidgets.org/downloads/”获得)。\n\n在Visual Studio上安装\n假设我们使用的版本是3.0.2。我们把3.0.2的源代码归档文件在C:\\wxWidgets-3.0.2中解包。\n\nwxWidgets为大多数Visual Studio版本提供了项目文件。它们位于C:\\wxWidgets-3.0.2\\build\\msw，而源文件位于C:\\wxWidgets-3.0.2\\src。在这个页面中，我们将使用Visual Studio 2013，所以我们加载相应的项目文件:C:\\wxWidgets-3.0.2\\build\\msw\\wx_vc12.sln。\n\n 在每个项目文件中定义了四个构建配置:调试、发布、DLL调试和DLL发布。调试和发布配置构建wxWidgets库的静态版本，而DLL调试和DLL发布配置将wxWidgets构建为DLL。静态和动态配置都使用c++运行时库的DLL版本。配置的选择只决定“是将wxWidgets代码本身链接到静态库还是DLL中。\n \n 在本教程中，示例将使用静态库来构建调试和发布配置。构建将头文件放入C:\\wxWidgets-3.0.2\\include和C:\\wxWidgets-3.0.2\\lib\\vc_lib中的库。\n \n ","_id":"3"},{"id":"01g87vm2ntsepch0txfakfgtwr","item_id":"01g8677k1yk5p7d4703j2sbwxf","add_time_ms":1658121226938,"hash":"1c8e715288faa63f3c4e68d1b4c23b59","full_content":"我们将从一个成功构建但无法正常启动的最小应用程序示例开始。我们的目标是展示成功构建应用程序所需的基本设置。\n\n项目设置:Visual Studio\n我们使用Visual c++ Win32项目模板创建新项目。\n然后我们对项目设置做如下修改:\n我们将以下两个目录添加到头文件的包含目录列表中:$(WXWIN)\\include和$(WXWIN)\\include\\msvc。\n我们将以下目录添加到库目录列表:$(WXWIN)\\lib\\vc_lib。\n这假设我们已经添加了一个WXWIN环境变量，它指向我们安装wxWidgets头文件和库的目录:在我们的例子中是C:\\wxWidgets-3.0.2。\n\n我们没有向要链接的库列表中添加任何库，这可能令人惊讶。这是因为所需的库是通过一系列#pragma comment(lib， <path>)语句包含的。这些语句被定义在C: wxWidgets-3.0.2\\include\\msvc\\wx\\setup.h文件中。\n\nwxApp\nwxApp 是代表应用程序本身的类。通常，应用程序实现一个派生自wxApp的类，并重写wxApp::OnInit()方法来初始化GUI。\n下面显示了从wxApp派生的类的声明。它简单地从wxApp派生并重写OnInit()法。\n\n  文件: HeloWrold.h\n  \n    #ifndef _HELLO_WORLD_H_\n    #define _HELLO_WORLD_H_\n\n    #include <wx/app.h>\n\n    class HelloWorld : public wxApp\n    {\n    public:\n        virtual bool OnInit();\n    };\n\n    #endif\n\n必须使用wxIMPLEMENT_APP宏来提供入口点。在wxWidgets应用程序中，您不需要自己实现main(或WinMain)函数，只需要实现从wxApp派生的类，并让wxIMPLEMENT_APP宏提供main函数。\n\nOnInit()方法通常会初始化用户界面，并返回true表示成功。在第一个示例中，我们只想显示成功编译应用程序所需的最小值，因此我们返回false。返回false将导致应用程序退出。\n\nHelloWorld类的实现如下所示。\n文件: HelloWorld.cpp\n\n    #include \"HelloWorld.h\"\n\n    wxIMPLEMENT_APP(HelloWorld);\n\n    bool HelloWorld::OnInit()\n    {\n        // 通常会在这里完成用户界面的初始化然后返回true表示程序初始化成功.\n        \n        return false;\n    }\n\n我们的第一个例子现在完成了。它应该会成功构建。如果您运行应用程序，它将立即启动和退出，而不显示任何UI。\n","_id":"4"},{"id":"01g8806n4402ge8nntfkn2th4w","item_id":"01g8677k1yk5p7d4703j2sbwxf","add_time_ms":1658126029956,"hash":"7e4c047b0218123c27144549f3fd188e","full_content":"　　我们将从一个成功构建但无法正常启动的最小应用程序示例开始。我们的目标是展示成功构建应用程序所需的基本设置。\n\n　　项目设置:Visual Studio\n\n　　我们使用Visual c++ Win32项目模板创建新项目。\n\n　　然后我们对项目设置做如下修改:\n\n　　我们将以下两个目录添加到头文件的包含目录列表中:$(WXWIN)\\include和$(WXWIN)\\include\\msvc。\n\n　　我们将以下目录添加到库目录列表:$(WXWIN)\\lib\\vc_lib。\n\n　　这假设我们已经添加了一个WXWIN环境变量，它指向我们安装wxWidgets头文件和库的目录:在我们的例子中是C:\\wxWidgets-3.0.2。\n\n　　我们没有向要链接的库列表中添加任何库，这可能令人惊讶。这是因为所需的库是通过一系列#pragma comment(lib， <path>)语句包含的。这些语句被定义在C: wxWidgets-3.0.2\\include\\msvc\\wx\\setup.h文件中。\n\n　　wxApp\n\n　　wxApp 是代表应用程序本身的类。通常，应用程序实现一个派生自wxApp的类，并重写wxApp::OnInit()方法来初始化GUI。\n\n　　下面显示了从wxApp派生的类的声明。它简单地从wxApp派生并重写OnInit()法。\n\n　　文件: HeloWrold.h\n\n\n\n    #ifndef _HELLO_WORLD_H_\n\n    #define _HELLO_WORLD_H_\n\n    #include <wx/app.h>\n\n　　class HelloWorld : public wxApp\n\n　　{\n\n　　public:\n\n　　virtual bool OnInit();\n\n　　};\n\n    #endif\n\n　　必须使用wxIMPLEMENT_APP宏来提供入口点。在wxWidgets应用程序中，您不需要自己实现main(或WinMain)函数，只需要实现从wxApp派生的类，并让wxIMPLEMENT_APP宏提供main函数。\n\n　　OnInit()方法通常会初始化用户界面，并返回true表示成功。在第一个示例中，我们只想显示成功编译应用程序所需的最小值，因此我们返回false。返回false将导致应用程序退出。\n\n　　HelloWorld类的实现如下所示。\n\n　　文件: HelloWorld.cpp\n\n    #include \"HelloWorld.h\"\n\n　　wxIMPLEMENT_APP(HelloWorld);\n\n　　bool HelloWorld::OnInit()\n\n　　{\n\n　　// 通常会在这里完成用户界面的初始化然后返回true表示程序初始化成功.\n\n\n\n　　return false;\n\n　　}\n\n　　我们的第一个例子现在完成了。它应该会成功构建。如果您运行应用程序，它将立即启动和退出，而不显示任何UI。\n","_id":"5"},{"id":"01g880rzd1y04f1dnvxxpe18y7","item_id":"01g8677k1yk5p7d4703j2sbwxf","add_time_ms":1658126630305,"hash":"1c8e715288faa63f3c4e68d1b4c23b59","full_content":"我们将从一个成功构建但无法正常启动的最小应用程序示例开始。我们的目标是展示成功构建应用程序所需的基本设置。\n\n项目设置:Visual Studio\n我们使用Visual c++ Win32项目模板创建新项目。\n然后我们对项目设置做如下修改:\n我们将以下两个目录添加到头文件的包含目录列表中:$(WXWIN)\\include和$(WXWIN)\\include\\msvc。\n我们将以下目录添加到库目录列表:$(WXWIN)\\lib\\vc_lib。\n这假设我们已经添加了一个WXWIN环境变量，它指向我们安装wxWidgets头文件和库的目录:在我们的例子中是C:\\wxWidgets-3.0.2。\n\n我们没有向要链接的库列表中添加任何库，这可能令人惊讶。这是因为所需的库是通过一系列#pragma comment(lib， <path>)语句包含的。这些语句被定义在C: wxWidgets-3.0.2\\include\\msvc\\wx\\setup.h文件中。\n\nwxApp\nwxApp 是代表应用程序本身的类。通常，应用程序实现一个派生自wxApp的类，并重写wxApp::OnInit()方法来初始化GUI。\n下面显示了从wxApp派生的类的声明。它简单地从wxApp派生并重写OnInit()法。\n\n  文件: HeloWrold.h\n  \n    #ifndef _HELLO_WORLD_H_\n    #define _HELLO_WORLD_H_\n\n    #include <wx/app.h>\n\n    class HelloWorld : public wxApp\n    {\n    public:\n        virtual bool OnInit();\n    };\n\n    #endif\n\n必须使用wxIMPLEMENT_APP宏来提供入口点。在wxWidgets应用程序中，您不需要自己实现main(或WinMain)函数，只需要实现从wxApp派生的类，并让wxIMPLEMENT_APP宏提供main函数。\n\nOnInit()方法通常会初始化用户界面，并返回true表示成功。在第一个示例中，我们只想显示成功编译应用程序所需的最小值，因此我们返回false。返回false将导致应用程序退出。\n\nHelloWorld类的实现如下所示。\n文件: HelloWorld.cpp\n\n    #include \"HelloWorld.h\"\n\n    wxIMPLEMENT_APP(HelloWorld);\n\n    bool HelloWorld::OnInit()\n    {\n        // 通常会在这里完成用户界面的初始化然后返回true表示程序初始化成功.\n        \n        return false;\n    }\n\n我们的第一个例子现在完成了。它应该会成功构建。如果您运行应用程序，它将立即启动和退出，而不显示任何UI。\n","_id":"6"}],"index_keys":["id"]}}}